Minecraft Central Discord;;350022907587461125;;IzPrincipa#1970;;460075273929359370;;https://discord.gg/e47qa42;;60;;Nitro;;https://i.ibb.co/rsprkKM/obrazek.png;;https://i.ibb.co/cbt5q1Y/obrazek.png;;1;;1594719047
Adyasovo republika;;440425493087387651;;adyas#2815;;434370099282051073;;https://discord.gg/kSxKzsQ;;7;;Roles, Steam Keys, Money (Czech exclusive üá®üáø );;https://i.ibb.co/h29tCGQ/obrazek.png;;https://i.ibb.co/W3q0zKk/obrazek.png;;1;;1580930051
Theblockbuster1's Epic Chat Room;;472372031128862730;;Theblockbuster1#0001;;464318776167628810;;https://discord.gg/jxSaFqP;;-1;;Varies;;https://i.ibb.co/RS6DwLq/obrazek.png;;Varies;;1;;1595409215
Intense Rewards‚Ñ¢;;509902843457568802;;ùìöùì™ùì∂ùì∫ùìæùì≤#0002;;639230503068631070;;https://discord.gg/EqX3sWj;;5;;Fortnite in game items, Vbucks, Nitro, Robux, PayPal;;https://i.ibb.co/Qk1TcVk/obrazek.png;;https://i.ibb.co/hKDSQQn/obrazek.png;;0;;1592034359
Ebig memer room;;521338600701558804;;NEODY60MIUM#1234;;518368406781820941;;https://discord.gg/DqVr92V;;7;;Hex! Run Gifts;;https://i.ibb.co/whsSdnw/obrazek.png;;https://i.ibb.co/LSRbd69/obrazek.png;;1;;1592502009
PayPal Rewards;;537708326230687775;;$JACKüá≤üá¶#6047;;486880380113256466;;https://discord.gg/FX7TjyZ;;10;;PayPal Money;;https://i.ibb.co/RBZ0sy9/obrazek.png;;https://i.ibb.co/b7gzgfH/obrazek.png;;0;;1581596584
OG Hub‚Ñ¢;;566702335103991808;;Cxrelessüåô#9999;;661273592054546445;;https://discord.gg/BXxrpS4;;10;;Fortnite accounts, or in game items;;https://i.ibb.co/hCsM6FP/obrazek.png;;https://i.ibb.co/X3zt4NV/obrazek.png;;0;;1590348060
PayPal Rewards‚Ñ¢;;578226273881554955;;Rain#2779;;578225716064419860;;https://discord.gg/PPB2uWM;;10;;PayPal;;https://i.ibb.co/JB8zKjz/obrazek.png;;https://i.ibb.co/x7pjDRV/obrazek.png;;0;;1591955196
Invite Rewards & Giveaways üí∏;;582657004875677698;;Greg Hammond#1635;;374118802222350338;;https://discord.gg/W2FzskK;;15;;PayPal, Nitro, Giftcards, Fortnite;;https://i.ibb.co/4fGsvyK/obrazek.png;;https://i.ibb.co/qMX8LPk/obrazek.png;;0;;1582446354
Blaster Games;;593664406676570142;;Sie#0001;;399403881605365760;;https://discord.gg/DfDDxhT;;-1;;Giveaways only;;https://i.ibb.co/C9K6Mvk/obrazek.png;;Giveaways only;;1;;1594921142
Advertising Paradise;;593726894801682432;;2JZ GTE#0011;;169436173968605184;;https://discord.gg/KDmt64N;;40;;Nitro, PayPal;;https://i.ibb.co/k1Kpfvr/obrazek.png;;https://i.ibb.co/J2KZPFt/obrazek.png;;1;;1583252270
Hawaii;;596194173397368843;;Ali H√°w√°ii.#0888;;657306968607686661;;https://discord.gg/DKqjN89;;3;;Nitro;;https://i.ibb.co/Sdm3XpP/obrazek.png;;https://i.ibb.co/hZhF6yq/obrazek.png;;0;;1592385412
The Gaming Lodge;;596766572182372498;;Photo#7777;;405816360946630656;;https://discord.gg/Chafhf2;;0;;Giveaways only;;Screenshots were not taken in DSMv2;;Screenshots were not taken in DSMv2;;1;;1597572636
üç¨„Éª2 Invites = 1 Nitro;;599279560269234196;;AliBubaüåô#1001;;651594132011089921;;https://discord.gg/mmrce7Y;;2;;Nitro, Robux;;https://i.ibb.co/s2XvyLK/obrazek.png;;https://i.ibb.co/jDnR56V/obrazek.png;;0;;1585927214
ùó£ùóÆùòÜùó£ùóÆùóπ ùó•ùó≤ùòÑùóÆùóøùó± ¬©;;601361124876877835;;Dirk‚àö#3041;;589464223214469151;;https://discord.gg/6r58hW8;;15;;PayPal;;https://i.ibb.co/pd8v1P3/obrazek.png;;https://i.ibb.co/C0gSncB/obrazek.png;;0;;1592057776
üåÄ„ÉªDiscord Nitro;;604267951180218394;;Ryan'#6666;;693191576976883754;;https://discord.gg/TAfHM7m;;10;;Nitro;;https://i.ibb.co/PTvw3LJ/obrazek.png;;https://i.ibb.co/hWmTsBN/obrazek.png;;0;;1595950349
10 Invites = 500 Robux/Nitro;;612304758212001822;;Maya#1285;;392379739513290752;;https://discord.gg/TysB5gK;;10;;Robux, Nitro, Roblox accounts;;https://i.ibb.co/VHf86fK/obrazek.png;;https://i.ibb.co/xKbr2nG/obrazek.png;;0;;1586502734
Pog Zone;;612569505008451584;;SuffocatedApple#6969;;448106940170764288;;https://discord.gg/8rWac24;;2;;Alphastar, Random Steam Keys;;https://i.ibb.co/2PNw6Z7/obrazek.png;;https://i.ibb.co/f29QggK/obrazek.png;;1;;1594666152
Done;;612882420320043080;;' ‚òÜ R√∏h√Æt ‚Ä†#6641;;468290451976486912;;https://discord.gg/pBQCNPY;;3;;Nitro, Robux, Paypal;;https://i.ibb.co/T0vtsS7/obrazek.png;;https://i.ibb.co/SshPP9D/obrazek.png;;0;;1595950230
25 INVITE = NITRO;;615262198050324510;;È†πShimmer#7926;;669188790149054505;;https://discord.gg/ZPWhCPH;;25;;Nitro;;Screenshots were not taken in DSMv2;;Screenshots were not taken in DSMv2;;0;;1597576140
west $;;623111992730845227;;! YoutubeNaroüç≠#6783;;689762906606534754;;https://discord.gg/gCe8DwK;;2;;Nitro, Robux;;https://i.ibb.co/PxRYy34/obrazek.png;;https://i.ibb.co/wLgT3VQ/obrazek.png;;0;;1587059165
The Tentacled Dealers;;624120803536928768;;NotAnArtisticDoodler#7241;;305073777035968523;;https://discord.gg/gWXT6f7;;5;;Robux, Skyblox items;;https://i.ibb.co/XJhkYJW/obrazek.png;;https://i.ibb.co/kKYN11j/obrazek.png;;1;;1594898731
TotalGang Giveaways;;625400805385568266;;TotallyKai#1655;;305049922871492610;;https://discord.gg/u5TVkD3;;3;;Steam Keys;;https://i.ibb.co/W6KVnwD/obrazek.png;;https://i.ibb.co/Y2mMGmc/obrazek.png;;1;;1592510153
Group of Gamers Official Discord;;626137180821258240;;D86592#5259;;515866394122780672;;https://discord.gg/42YtjMf;;2;;Steam Key;;https://i.ibb.co/DWZDkzr/obrazek.png;;https://i.ibb.co/CHQc4by/obrazek.png;;1;;1585508063
Lounge Drop;;627490449870946315;;deepo#0001;;606498579938410497;;https://discord.gg/DR5jH8P;;0;;Server doesn't have invite rewards;;https://i.ibb.co/zJmHmH8/obrazek.png;;Server doesn't have invite rewards;;0;;1590086696
‚úî 3 Invites = Nitro |  PayPal | Minecraft |  Spotify |;;631158208668368908;;Tixga#2084;;558380937809887242;;https://discord.gg/ze8u4qF;;3;;Nitro, Minecraft, Netflix, Spotify, PayPal;;https://i.ibb.co/MGKCsQH/obrazek.png;;https://i.ibb.co/Z1W3k3p/obrazek.png;;0;;1583055406
$ex„ÉªClub üç∏;;638789007932915713;;! TH#1451;;395590182134611969;;https://discord.gg/mmzVnuv;;0;;JOIN = NITRO DON'T LEAVE = NITRO BOOST = NITRO;;Screenshots were not taken in DSMv2;;Screenshots were not taken in DSMv2;;0;;1597417575
üåü| Nitro‚ñ™Ô∏èRobux‚ñ™Ô∏èPaypal;;640335115574050816;;3n9k#0001;;279773016416714752;;https://discord.gg/ZW4AXxG;;10;;Robux, Paypal Money, Nitro;;https://i.ibb.co/C65XYYV/obrazek.png;;https://i.ibb.co/Pt8Wj9D/obrazek.png;;0;;1579892189
Clowns;;648142238404182080;;Dr.Henry Jekyll#1627;;685003233617641542;;https://discord.gg/eRT8QQ6;;15;;Nitro;;https://i.ibb.co/PTTXf5r/obrazek.png;;https://i.ibb.co/JBYXPvd/obrazek.png;;0;;1587283212
Discord Nitro üöÄ;;650393493042364416;;GhostHunter#0001;;653239956864761885;;https://discord.gg/Q3F4CMS;;5;;Nitro;;https://i.ibb.co/S0tT9V0/obrazek.png;;https://i.ibb.co/LQmCdzy/obrazek.png;;0;;1583774635
5 INVITES = NITRO CODE;;654753842210013210;;The Clashers#6666;;538082350454800433;;https://discord.gg/eMBrTPQ;;10;;Nitro;;https://i.ibb.co/TMXpVkL/obrazek.png;;https://i.ibb.co/b6rQCs7/obrazek.png;;0;;1584980943
5 invites = NITRO,NETFLIX,VBUCKS !;;655735939397582848;;;))#3630;;273811986737790976;;https://discord.gg/7ryP9fx;;5;;Nitro, Netflix, Vbucks;;https://i.ibb.co/XpQdsST/obrazek.png;;https://i.ibb.co/3NWMb5m/obrazek.png;;0;;1586253012
üí∏ „ÉªPaypal Rewards;;656917578874093608;;Luxury#2837;;665687640267292673;;https://discord.gg/z4cKMrx;;5;;Paypal Money;;https://i.ibb.co/WBVmNjG/obrazek.png;;https://i.ibb.co/7zjyGq3/obrazek.png;;0;;1579889281
üéâTranquility;;657677983389319172;;Mattery#0099;;644322408630714388;;https://discord.gg/EGmqSuS;;50;;Nitro;;https://i.ibb.co/Ctv0x8v/obrazek.png;;https://i.ibb.co/DLYDC9R/obrazek.png;;0;;1593008121
PayPal Rewards;;658226452889731082;;Thomas32#2133;;658361775304998953;;https://discord.gg/6826EZH;;65;;PayPal;;https://i.ibb.co/Cpy03R5/obrazek.png;;https://i.ibb.co/WWQwdvM/obrazek.png;;0;;1592570879
Alpha Rewards;;658835172657070152;;Bacon#5420;;507951002658537482;;https://discord.gg/fqCX2ds;;5;;Nitro, Robux, Fortnite;;https://i.ibb.co/W2D5b4R/obrazek.png;;https://i.ibb.co/34wmJx7/obrazek.png;;0;;1579726279
3 Invites = 1 Nitro;;659764228751753226;;Mineusdüåô#1021;;662026658882125824;;https://discord.gg/QA6gk5F;;3;;Nitro Classic, Nitro Games;;https://i.ibb.co/3ccn67D/obrazek.png;;https://i.ibb.co/SXKpgN7/obrazek.png;;0;;1581592083
üçì„Éª5 Invites = 1 Nitro;;660862750205149185;;‚ú¶ Berk Reyiz ‡≠≠ '#3008;;492406284780437504;;https://discord.gg/rUrtZFv;;5;;Nitro, Robux;;https://i.ibb.co/qrmrpNt/obrazek.png;;https://i.ibb.co/nB52zcN/obrazek.png;;0;;1581009982
JOIN 4 NITRO;;661631110433734681;;iCaribbeanPilot58#2623;;647064777377447937;;https://discord.gg/ww5bHNc;;10;;Nitro Classic, Nitro Games;;https://i.ibb.co/QdWSwCT/obrazek.png;;https://i.ibb.co/5sFhvqS/obrazek.png;;0;;1581017585
ùêçùê¢ùê≠ùê´ùê®üöÄ;;663182198526181389;;repify#0001;;589223631381463041;;https://discord.gg/gHs7pyd;;3;;Nitro, Minty, Robux;;https://i.ibb.co/d4vJ3dN/obrazek.png;;https://i.ibb.co/jgnGhMw/obrazek.png;;0;;1579895621
Free Nitro.;;667184249358516236;;2020#7099;;739539119159509093;;https://discord.gg/5mqkA4J;;10;;Nitro;;https://i.ibb.co/0nstgmf/obrazek.png;;https://i.ibb.co/6FjKjzz/obrazek.png;;0;;1579886864
IDK Official Discord;;667215325447716874;;RED–ØUM#9999;;489247070427938816;;https://discord.gg/tqskPhw;;5;;Nitro, Robux, PayPal;;https://i.ibb.co/5WjRvvv/obrazek.png;;https://i.ibb.co/g4RZzBZ/obrazek.png;;0;;1585925942
üõ∏„Éª3 INVITES = 5$;;668875442324897792;;" ùôÜùôñùô°ùôñùô®ùôù.#0001;;664284038089146370;;https://discord.gg/A4AyWrH;;3;;Paypal Money, Nitro;;https://i.ibb.co/5WjRvvv/obrazek.png;;https://i.ibb.co/g4RZzBZ/obrazek.png;;0;;1579886548
PayPal‚ñ™Ô∏èNitro‚ñ™Ô∏èRobux;;669511757693321226;;Melissa#8171;;463370167255302144;;https://discord.gg/HWgecAM;;5;;Robux, Nitro, PayPal Money;;https://i.ibb.co/ypXsrHg/obrazek.png;;https://i.ibb.co/bR1v6Tf/obrazek.png;;0;;1579893764
Rewards ‚Ä¢ üéÑ;;669779902794301461;;Alisson#3039;;664880977398464552;;https://discord.gg/tQNpjb4;;5;;Nitro, Robux, Paypal;;https://i.ibb.co/yfq1wKs/obrazek.png;;https://i.ibb.co/T144wfP/obrazek.png;;0;;1581008818
‚úÖ Discord Nitro ‚úÖ;;669921950768037938;;DylanLoveHacks#4327;;629027873814085653;;https://discord.gg/wFKfjYE;;15;;Nitro Classic, Nitro Games;;https://i.ibb.co/TrZKD9b/obrazek.png;;https://i.ibb.co/Ybfk0BT/obrazek.png;;0;;1580926440
Baracuda Modding Services;;672225754930741248;;Baracuda#2447;;353660887741104128;;https://discord.gg/J7FhUe4;;3;;Gta V cash;;https://i.ibb.co/SsxNrDn/obrazek.png;;https://i.ibb.co/GFSjc4r/obrazek.png;;1;;1595409701
üçì„Éª5 Invites = 1 Nitro;;672465188699766797;;‚ú¶ Berk Reyiz ‡≠≠ '#3008;;492406284780437504;;https://discord.gg/NPYmk7P;;5;;Nitro, Robux;;https://i.ibb.co/y0bM40J/obrazek.png;;https://i.ibb.co/tc1vsqW/obrazek.png;;0;;1581009197
Nitro Center‚Ñ¢Ô∏è;;673151048151597126;;‚ò§ ` P√∏gu√© ƒ∞s G√∏d ‚Ä†#2901;;661630567099400199;;https://discord.gg/6n2vTFW;;15;;Nitro, Netflix, Robux, Minecraft;;https://i.ibb.co/KrYM4pC/obrazek.png;;https://i.ibb.co/G7JQsBw/obrazek.png;;0;;1581010302
ÔΩçÔºç ÔΩè ÔΩé ÔΩÖ ÔΩô;;673591545487687680;;hawbz#0001;;643940178997805125;;https://discord.gg/sYnt5Qp;;2;;Accounts, Nitro, Robux;;https://i.ibb.co/sW6N51C/obrazek.png;;https://i.ibb.co/Kz16GVh/obrazek.png;;0;;1582443067
‚ùÑÔ∏è„Éª3 invites = Nitro„ÉªRobux„Éª‚ùÑÔ∏è;;674685445443158033;;||discord.gg/KyrEEkb||#1431;;666000733065314314;;https://discord.gg/8xu9r3n;;5;;Nitro, Robux, Paypal;;https://i.ibb.co/KLPDtJc/obrazek.png;;https://i.ibb.co/hHzJ8qw/obrazek.png;;0;;1581012863
3 INVITE = 1 Month Nitro;;674951269592334396;;single#6159;;674950309717606410;;https://discord.gg/Rgm8DeM;;3;;Nitro, Google Gift Cards;;https://i.ibb.co/H7zxjHP/obrazek.png;;https://i.ibb.co/XW6825s/obrazek.png;;0;;1581592987
Discord Nitro | LEGIT;;674966349570637844;;KING UNICO#0666;;482935367843184650;;https://discord.gg/p7RkwHu;;15;;Nitro Classic, Nitro Games;;https://i.ibb.co/TRth0z5/obrazek.png;;https://i.ibb.co/z7pWTnd/obrazek.png;;0;;1581591883
Free Nitro‚Ñ¢Ô∏è üöÄ;;675070985724231689;;Mineusdüåô#1021;;662026658882125824;;https://discord.gg/fK2fJAr;;3;;Nitro Classic, Nitro Games;;https://i.ibb.co/Qvgz3DQ/obrazek.png;;https://i.ibb.co/mTZL79h/obrazek.png;;0;;1581617243
5 Invites ‚Ä¢ Nitro Code ‚õÑ;;675739022626258944;;√Å√™≈°th…ôx üç≠#2020;;492406284780437504;;https://discord.gg/wnDfs7b;;5;;Nitro, Robux;;https://i.ibb.co/k2G9r5j/obrazek.png;;https://i.ibb.co/CQ2WyDL/obrazek.png;;0;;1581267266
‚Ä¢ Rewards&Shop ‚Ä¢;;676876741951619083;;Szymcio#0056;;676163603560136755;;https://discord.gg/NpkDVcK;;4;;Robux, Nitro, Accounts;;https://i.ibb.co/BnwSWsy/obrazek.png;;https://i.ibb.co/fq0s3rN/obrazek.png;;0;;1581600893
5 invite = Nitro Classic;;677450341549080586;;ùôáùôöùôúùôûùô© ‚ôõ#8233;;535318931460587540;;https://discord.gg/7maJqBu;;5;;Nitro;;https://i.ibb.co/qCQ1bBt/obrazek.png;;https://i.ibb.co/bm3xqDP/obrazek.png;;0;;1583050296
Nitro Rewards;;677625288947007572;;Mexz#7298;;389045085322477579;;https://discord.gg/mg2zRxw;;3;;Nitro Classic, Nitro Games;;https://i.ibb.co/S6Q2C4s/obrazek.png;;https://i.ibb.co/yQzzY45/obrazek.png;;0;;1583943784
‚ö°InstaRewardsüíô;;678174342953041940;;! xaxaxa#6669;;167328242888474625;;https://discord.gg/WnTTEz6;;5;;Steam Keys;;https://i.ibb.co/jf2vxkz/obrazek.png;;https://i.ibb.co/T1hcm29/obrazek.png;;1;;1593100110
PayPal Rewards‚Ñ¢;;679116057654591510;;Anonymity#0001;;681949337269698589;;https://discord.gg/wNZEj86;;5;;Robux, Nitro, Fortnite;;https://i.ibb.co/wQVgfgR/obrazek.png;;https://i.ibb.co/xMZScWd/obrazek.png;;0;;1584809150
Nitro Rewards üöÄ;;680152544672088064;;psychox#6969;;562011650467561502;;https://discord.gg/SDbstCU;;5;;Nitro, Fortnite, PayPal;;https://i.ibb.co/J39qksc/obrazek.png;;https://i.ibb.co/rwRWp0t/obrazek.png;;0;;1584108810
Invite = Rewards üéÅ;;680166592994082952;;hawbz#0001;;643940178997805125;;https://discord.gg/F7c7Un6;;2;;Accounts, Nitro, Robux;;https://i.ibb.co/hC6G6xM/obrazek.png;;https://i.ibb.co/WDTH6H2/obrazek.png;;0;;1582442832
Drops and Giveaways;;680721566862278861;;SuperJS1#0001;;578277341118332928;;https://discord.gg/xXSBhGE;;45;;Nitro, PayPal;;https://i.ibb.co/5vyKpJJ/obrazek.png;;https://i.ibb.co/V3JRsLC/obrazek.png;;1;;1595409906
Invite = Rewards üéÅ;;680914803077939267;;hawbz#0001;;643940178997805125;;https://discord.gg/HwC8bmy;;2;;Accounts, Nitro, Robux;;https://i.ibb.co/kcw5CVk/obrazek.png;;https://i.ibb.co/hx0NRMx/obrazek.png;;0;;1582442998
2 Invites = 2,500 Robux;;681269287448740014;;hawbz „ÉÑ#0001;;643940178997805125;;https://discord.gg/uwBUpdy;;2;;Accounts, Nitro, Robux;;https://i.ibb.co/bLrPWSV/obrazek.png;;https://i.ibb.co/Cb9tSM7/obrazek.png;;0;;1583045991
üî∑ | 3 invites = 1 Nitro;;681644274009243668;;".#1234;;694675427633135647;;https://discord.gg/ETCZM8d;;3;;Nitro;;https://i.ibb.co/TTMKGZM/obrazek.png;;https://i.ibb.co/g9kfD3F/obrazek.png;;0;;1585928836
ùôöùô®ùôòùôñùô•ùôö;;682372528651370499;;Roseyy#7415;;531204016005185553;;https://discord.gg/UfnGsxg;;45;;Nitro, PayPal;;https://i.ibb.co/ChZTbG4/obrazek.png;;https://i.ibb.co/vcZrxkN/obrazek.png;;1;;1584108465
2 Invites = 1 Nitro;;683117638150258728;;hawbz „ÉÑ#0001;;643940178997805125;;https://discord.gg/gjmryN2;;2;;Accounts, Nitro, Robux;;https://i.ibb.co/LkbMKxp/obrazek.png;;https://i.ibb.co/mqx6yj7/obrazek.png;;0;;1583046193
3 Invite ‚Ä¢ 1 Nitro üîÆ;;683273281381728276;;Jeo ‚úù#0006;;683273281381728276;;https://discord.gg/9rspfPX;;3;;Nitro;;https://i.ibb.co/zPLnQXD/obrazek.png;;https://i.ibb.co/02ykcqF/obrazek.png;;0;;1592388532
3 INVITES = 4000 ROBUX;;684286210465595415;;peto pelinatti#2355;;510478334908694538;;https://discord.gg/uTQXmCn;;2;;PayPal, Bitcoin, Fortnite, Nitro;;https://i.ibb.co/V9GvC6H/obrazek.png;;https://i.ibb.co/4mJRXVD/obrazek.png;;0;;1584110353
üí∏ ‚óè Paypal Rewards;;685243360419774597;;hawbz#2937;;678671019829100548;;https://discord.gg/cWn5ygY;;5;;PayPal;;https://i.ibb.co/PQ2CJg5/obrazek.png;;https://i.ibb.co/C9cKpzz/obrazek.png;;0;;1583941741
3 Invites = Nitro Gift üî•;;685343140483301604;;Noble ‚àû#1927;;306388119547281408;;https://discord.gg/HumbzKT;;-1;;Nitro, Roblox, PayPal - boost rewards;;https://i.ibb.co/VtwyLvF/obrazek.png;;None;;0;;1583686620
4 Invites = 4.000 Robux;;685814445049774108;;GhostHunter#0001;;653239956864761885;;https://discord.gg/NfVYNAD;;4;;Robux;;https://i.ibb.co/F4cmZLN/obrazek.png;;https://i.ibb.co/zZyMCx6/obrazek.png;;0;;1583685757
7 Invites = 1 Nitro Classic;;685822172114976886;;GhostHunter#0001;;653239956864761885;;https://discord.gg/rm5MgVq;;7;;Nitro;;https://i.ibb.co/253XB5t/obrazek.png;;https://i.ibb.co/s6tkbJZ/obrazek.png;;0;;1583687724
PayPal ‚Ä¢ Rewards;;685893340683829340;;SlŒ±pple#1111;;685893340683829340;;https://discord.gg/3nZSeTh;;5;;PayPal;;https://i.ibb.co/q1M8XpQ/obrazek.png;;https://i.ibb.co/HBS3bGn/obrazek.png;;0;;1583944260
JOIN FOR JOIN üç≠;;685958627432857606;;TA√á#3958;;705440301858422864;;https://discord.gg/97TqKnz;;5;;Nitro;;Screenshots were not taken in DSMv2;;Screenshots were not taken in DSMv2;;0;;1597763591
5 Invites = 2,500 Robux;;686041569584873503;;broken#6780;;677261037099286528;;https://discord.gg/56bjSkx;;5;;Robux, Nitro;;https://i.ibb.co/gWM3CRP/obrazek.png;;https://i.ibb.co/KwdfVWw/obrazek.png;;0;;1587670127
Nitro Wave üåä;;687049245974331484;;Rovsah‚ö°#8148;;431238521026510849;;https://discord.gg/fBQKxek;;45;;Nitro, PayPal;;https://i.ibb.co/nksNnkx/obrazek.png;;https://i.ibb.co/vmSpRCp/obrazek.png;;1;;1592570635
‚ú¶ Invites„ÉªBIG Reward's üíº;;687767466142859427;;–î–∞–∫–∏–Ö—Ö–∞–∞ üí∏#1235;;619971762217680908;;https://discord.gg/PxP5Ty8;;15;;PayPal;;https://i.ibb.co/fD79jm2/obrazek.png;;https://i.ibb.co/m9153mw/obrazek.png;;0;;1584530373
CyRewards;;688442380684492854;;üÑ∏üÑΩüÖÖüÑ∞üÑªüÑ∏üÑ≥-üÖÑüÖÇüÑ¥üÖÅ#4393;;655511383810506752;;https://discord.gg/FM9ed24;;1;;Robux, In game items for Roblox, Nitro, Dank Memer coins;;https://i.ibb.co/nmVrdmG/obrazek.png;;https://i.ibb.co/r3M92YW/obrazek.png;;1;;1584788755
üî• 25 INVITES = NITRO üî•;;688726373413552187;;AMITOP#4298;;675388241188487216;;https://discord.gg/sXN7MJt;;3;;Nitro, Tools, Accounts;;https://i.ibb.co/26bR1qt/obrazek.png;;https://i.ibb.co/xzzPh4V/obrazek.png;;0;;1585507613
üëΩ 10 ƒ∞NVƒ∞TE = Nƒ∞TRO;;688756244789592111;;PRIME#1000;;326399195638661121;;https://discord.gg/yZTVsWp;;5;;Nitro, Spotify;;https://i.ibb.co/D4r9NnQ/obrazek.png;;https://i.ibb.co/4skfqtY/obrazek.png;;0;;1584809413
5 ƒ∞NVƒ∞TE = Nƒ∞TRO;;688854248737472557;;‚ò• ùôªùöÑùöáùô¥ùöÇ üåπ#0666;;685122892966789120;;https://discord.gg/7d9mr3j;;1;;Nitro, Robux, Fortnite, PayPal;;https://i.ibb.co/mtY2bzX/obrazek.png;;https://i.ibb.co/19VcCsF/obrazek.png;;0;;1584788298
üöÄ 3 Invites = 1 Nitro;;688989798504988692;;" $.#0999;;675671658706632717;;https://discord.gg/yb7VUKz;;3;;Nitro;;https://i.ibb.co/gMQ0bTm/obrazek.png;;https://i.ibb.co/G07Xpw0/obrazek.png;;0;;1584528791
2020‚Ñ¢ Rewards 3.2K;;689122741609431237;;‰πà ‡πñ€£€úAkif^^#0001;;690307902627774525;;https://discord.gg/ztkkAZN;;15;;Nitro, Hex! Run, Pings;;https://i.ibb.co/ZLggffy/obrazek.png;;https://i.ibb.co/xq5YJts/obrazek.png;;0;;1593099555
Nitro üåô;;689258680536924213;;"$"#1111;;595002206290313219;;https://discord.gg/p6hTFfm;;3;;Nitro;;https://i.ibb.co/SPdYjfW/obrazek.png;;https://i.ibb.co/w42hMxb/obrazek.png;;0;;1586272740
üç¨„Éª5 Invites = Rewards;;689456662163357815;;Limited üß™#1913;;531112426301554688;;https://discord.gg/TwB4nQt;;5;;Nitro, Robux, Minecraft;;https://i.ibb.co/wzMDP2K/obrazek.png;;https://i.ibb.co/wgPwJJy/obrazek.png;;0;;1586272114
Nitro Rewards üéÅ;;689755615689572363;;! NitroGodüåô#5449;;469855553007517706;;https://discord.gg/T6ZSuuS;;10;;Nitro;;https://i.ibb.co/YRxJhXT/obrazek.png;;https://i.ibb.co/zrbhVmg/obrazek.png;;0;;1585932578
All Giveaways;;690250365509435462;;Rug#0001;;691360731823603753;;https://discord.gg/a7bTaMK;;5;;Nitro, PayPal, Robux, Giftcards;;https://i.ibb.co/TY3vpt7/obrazek.png;;https://i.ibb.co/RP988JW/obrazek.png;;0;;1585301060
GiveawayNiteüéâüíñ | Community;;690271962093584677;;ùîΩùï†ùï£ùï•ùïäùï•ùï¶ùïóùïóüíûü•≥#8771;;687720991576817742;;https://discord.gg/UnwXyEF;;-1;;Only events;;https://i.ibb.co/58tp6zc/obrazek.png;;Events only;;1;;1590089800
üöÄ 4 Invites = Nitro;;691265783824646145;;" ùöÉ ùô¥ ùô≥ ùô∏ ÿ≠ÿ±ÿßŸÖ#6666;;667731242547937300;;https://discord.gg/8SFCYAe;;4;;Nitro;;https://i.ibb.co/RzsGFtM/obrazek.png;;https://i.ibb.co/d42wmvR/obrazek.png;;0;;1584981473
üöÄ 3 Invites = 1 Nitro;;691292435183304745;;Ast√©ria#6666;;688701493930491916;;https://discord.gg/M2SDV4U;;3;;Nitro, Robux, PayPal;;https://i.ibb.co/s1k6Q3G/obrazek.png;;https://i.ibb.co/FzPJYpY/obrazek.png;;0;;1585937731
üöÄ 3 Invites = 1 Nitro;;692403890246648038;;Mineusdüåô#1021;;686023384995332127;;https://discord.gg/hshYaNu;;3;;Nitro, Robux, PayPal;;https://i.ibb.co/w7X8sb6/obrazek.png;;https://i.ibb.co/HrrcnTH/obrazek.png;;0;;1585296905
"NITRO & ROBUX";;692839258968424548;;shocker üåô#9801;;690953490478006352;;https://discord.gg/URgYCZQ;;3;;Nitro, Robux;;https://i.ibb.co/3fLRMPs/obrazek.png;;https://i.ibb.co/dG6dLcb/obrazek.png;;0;;1585301467
ùñàùñÜùñóùñëùñé'ùñò ùñàùñëùñîùñòùñäùñô‚úß;;692856931060285500;;carli#0001;;683357973749563461;;https://discord.gg/JxCgtxu;;15;;Robux, Roblox Groups;;https://i.ibb.co/BtvCxBW/obrazek.png;;https://i.ibb.co/pbKCR63/obrazek.png;;1;;1594920022
üöÄ 3 Invites = 1 Nitro;;693038425145737257;;AliBubaüåô#1001;;651594132011089921;;https://discord.gg/yjEsBfU;;3;;Nitro, Robux;;https://i.ibb.co/JRJCV2w/obrazek.png;;https://i.ibb.co/J3D1cg2/obrazek.png;;0;;1586252760
üç¨„Éª2 Invites = 1 Nitro;;693793462809657444;;AliBubaüåô#1001;;651594132011089921;;https://discord.gg/4hgwWZs;;2;;Nitro, Robux;;https://i.ibb.co/zQSKhJ4/obrazek.png;;https://i.ibb.co/XFQvgdR/obrazek.png;;0;;1585678115
PayPal Rewards;;693809421364494336;;moothje#6969;;665479125758115841;;https://discord.gg/CSq2V6X;;5;;PayPal;;https://i.ibb.co/VD2fjch/obrazek.png;;https://i.ibb.co/mFwJtQW/obrazek.png;;0;;1585942793
‚â´‚îÉPaypal Rewards;;693811715460169749;;I'm a millionaire#0001;;589592468710752358;;https://discord.gg/CbyTMpF;;5;;PayPal;;https://i.ibb.co/1ZXMZTr/obrazek.png;;https://i.ibb.co/cgb3Y1P/obrazek.png;;0;;1586507809
Sun Rewards;;693876071073841264;;MonsterKid#0001;;588394148659331072;;https://discord.gg/npUgJr4;;-1;;Nitro;;https://i.ibb.co/zmVSpF0/obrazek.png;;https://i.ibb.co/mqMc2zt/obrazek.png;;1;;1594898483
Roblox Area üç≠;;693888552819359754;;Mineusdüåô#1021;;325616845891829761;;https://discord.gg/srx4pYs;;0;;Doesn't have invite rewards;;https://i.ibb.co/sHyS4rt/obrazek.png;;None;;0;;1587061115
5 invites = nitro;;693906955382816840;;mr Bony#7706;;539921832833187857;;https://discord.gg/9tC7BYU;;5;;Nitro;;https://i.ibb.co/Q9XYB4s/obrazek.png;;https://i.ibb.co/dsZY6K2/obrazek.png;;0;;1594991756
Rewards‚Ñ¢;;693915615286788137;;! Jaydenüç≠#0001;;682823591750139913;;https://discord.gg/jyrXcz9;;2;;Robux, Nitro;;https://i.ibb.co/nghXdC7/obrazek.png;;https://i.ibb.co/LtmpktS/obrazek.png;;0;;1585938852
2 Invites = 15$ Giftcard;;694228751826812938;;Leszy#4556;;651775009986969611;;https://discord.gg/XdC5pDh;;2;;Robux, Nitro;;https://i.ibb.co/pxcPxY4/obrazek.png;;https://i.ibb.co/tX2MQfQ/obrazek.png;;0;;1587059743
Nitro Club üöÄ;;694249221108269157;;Ast√©ria#6666;;688701493930491916;;https://discord.gg/wmkFKuE;;5;;Nitro, Robux, PayPal;;https://i.ibb.co/RPVs1Vm/obrazek.png;;https://i.ibb.co/6RhRn1q/obrazek.png;;0;;1585938656
Minecraft Rewards ‚úì;;694436971069833236;;Catalin Official ‚úìÔæâÀ°‚Å±·µê‚Å±·µó#7029;;504646334293344286;;https://discord.gg/fpjXEHf;;5;;PayPal, Minecraft after the server changed;;https://i.ibb.co/LN02Jpg/obrazek.png;;https://i.ibb.co/1ZKNh61/obrazek.png;;0;;1585931745
J4J | Offical üöÄ;;694517259040980993;;xvn#0201;;689118009146867715;;https://discord.gg/s8zjerC;;5;;Nitro, Robux;;https://i.ibb.co/DpQRSsD/obrazek.png;;https://i.ibb.co/hVf9WHC/obrazek.png;;0;;1585929916
2 Invites = 2 Boost üí∏;;694893141634973766;;Free Boost#0001;;564456019762085889;;https://discord.gg/Rj6c9f2;;2;;Server boosts;;https://i.ibb.co/10xgKHV/obrazek.png;;https://i.ibb.co/fknD6Pq/obrazek.png;;0;;1586507281
Nitross‚Ñ¢;;694920825022971945;;! TQ‚Ñ¢#0666;;466587751765114880;;https://discord.gg/VTbe6JP;;35;;Nitro, AlphaStar;;https://i.ibb.co/hH8044V/obrazek.png;;https://i.ibb.co/RPNhzNk/obrazek.png;;0;;1593699769
PayPal Rewards üí∞;;694935212248924200;;Joker6791#3393;;655855903492407301;;https://discord.gg/5s82M6S;;5;;PayPal;;https://i.ibb.co/1ZTB1N4/obrazek.png;;https://i.ibb.co/Mgjw9zK/obrazek.png;;0;;1592507747
Andr√©s Giveaways ü¶Ñ;;695016541401645076;;Andr√©s#0009;;696020762892697651;;https://discord.gg/9cgvG4q;;4;;Nitro;;https://i.ibb.co/FhB6ZmJ/obrazek.png;;https://i.ibb.co/QPLdg8V/obrazek.png;;0;;1586500908
J4J | OFFƒ∞Cƒ∞AL üöÄ;;695517220763336845;;prime#2020;;326399195638661121;;https://discord.gg/8k9j8yC;;20;;Nitro;;https://i.ibb.co/LY2dQK0/obrazek.png;;https://i.ibb.co/nMCHR4L/obrazek.png;;0;;1585934734
J4J | Backup üöÄ;;695601757853843466;;Ceardy#0002;;687294148033773570;;https://discord.gg/Ay4EUm;;5;;Nitro, Robux;;https://i.ibb.co/vqG9cyC/obrazek.png;;https://i.ibb.co/X4QY1NL/obrazek.png;;0;;1585943418
üç¨ 3 Invites = 1 Nitro;;695642837299101806;;AliBubaüåô#1001;;651594132011089921;;https://discord.gg/dGhtBgJ;;3;;Nitro, Robux;;https://i.ibb.co/x1k57YJ/obrazek.png;;https://i.ibb.co/GxqLSpQ/obrazek.png;;0;;1585926547
Free Rewards;;695710610284871700;;''Xen üç≠#9999;;651479805107109915;;https://discord.gg/bNjD2gW;;3;;Fortnite, PayPal;;https://i.ibb.co/GxY3SnH/obrazek.png;;https://i.ibb.co/8KdhdY7/obrazek.png;;0;;1586500559
TechFunds Investment;;695772767773261874;;J. Newman#3684;;417822964528971784;;https://discord.gg/vK8hwAU;;0;;Send money, get back double (or more);;https://i.ibb.co/d5f5XnG/obrazek.png;;https://i.ibb.co/H2GS7pk/obrazek.png;;0;;1595408076
United Rewards;;695799059440599080;;Rainbow v2#3322;;638521285999329313;;https://discord.gg/Y6NAFDu;;5;;Robux, Nitro;;https://i.ibb.co/pWPFD0c/obrazek.png;;https://i.ibb.co/58FWZsW/obrazek.png;;0;;1586509642
4 Invites = 6,500 robux;;696035006971117651;;YoutubeXeniüç≠#0666;;673552979151814746;;https://discord.gg/5gX8Fa;;4;;Robux, Nitro, PayPal;;https://i.ibb.co/fNtXfJ2/obrazek.png;;https://i.ibb.co/Kqf2fMj/obrazek.png;;0;;1586282866
5 Invites = Nitro üç≠;;696441956565254165;;''Xen üç≠#9999;;651479805107109915;;https://discord.gg/9JKbxSE;;10;;Nitro;;https://i.ibb.co/dpXphG0/obrazek.png;;https://i.ibb.co/4WQQnX0/obrazek.png;;0;;1586276142
5 invites ‚ôï OG Skin;;696569483342643272;;v–°l–æut#0001;;451164940632457226;;https://discord.gg/ynbyCDh;;3;;Fortnite, Nitro;;https://i.ibb.co/H2Ctk32/obrazek.png;;https://i.ibb.co/K0cmy9n/obrazek.png;;0;;1591370118
üëæ‚Ä¢ Coins vs Nitro ¬©;;696622571998806036;;ùñìùñäùòÉùñäùñó#0470;;733740633138790520;;https://discord.gg/Qpkvnhk;;30;;Nitro;;Screenshots were not taken in DSMv2;;Screenshots were not taken in DSMv2;;0;;1597578652
„Éªüå∏„Éª4 Invites = Nitro Boost;;696700418297954314;;Leszy#4556;;651775009986969611;;https://discord.gg/PQu42ru;;2;;Nitro, Robux, PayPal;;https://i.ibb.co/WgyrJ3R/obrazek.png;;https://i.ibb.co/xHzRDHn/obrazek.png;;0;;1587059368
üöÄ 3 Invites = 1 Nitro;;696771306460282891;;R√©a üëΩ#0666;;474884304363847705;;https://discord.gg/gFrWgrJ;;3;;Nitro, Robux;;None;;https://i.ibb.co/cwnK8s6/obrazek.png;;0;;1586264258
Paypal Rewards Road To 1K;;696835846086721660;;Jeremiah#4950;;403685169405624330;;https://discord.gg/TrBmFZg;;30;;PayPal;;https://i.ibb.co/sCsTjpQ/obrazek.png;;https://i.ibb.co/Ph1TG8j/obrazek.png;;0;;1587059059
Spectrum;;697026038890364928;;ùòºùô¢ùôñùôØùôûùô£ùôúùôÇùô™ùôÆ#9999;;720007515378811001;;https://discord.gg/x9yEYdf;;5;;Steam Key, Hex Run, Nitro;;https://i.ibb.co/7SFT9YB/obrazek.png;;https://i.ibb.co/PFHFcp7/obrazek.png;;1;;1594917168
5 Invites = V-Bucksüí´;;699061205515632740;;AX10#0001;;577988659354271754;;https://discord.gg/jnEcE3f;;3;;Fortnite Vbucks & skins and Nitro;;Screenshots were not taken in DSMv2;;Screenshots were not taken in DSMv2;;0;;1598359608
üöÄ 3 Invites = Nitro;;699367910413565972;;‚ùÉ Kiddu#1826;;633046174290411530;;https://discord.gg/WKQkNVA;;3;;Nitro, "Nitro Games";;Screenshots were not taken in DSMv2;;Screenshots were not taken in DSMv2;;0;;1597520679
Fresh‚Ñ¢ üî•;;700323686049120296;;SheHigh#9999;;547792039358627851;;https://discord.gg/E7WYysj;;50;;Nitro, Valortant Beta keys;;https://i.ibb.co/4WCGNVG/obrazek.png;;https://i.ibb.co/xGWYpfW/obrazek.png;;0;;1590086438
Giveaway BackUp;;700750270996414484;;Nitro#4666;;703096627459522590;;https://discord.gg/2rPPgHx;;10;;Nitro, Server promos;;https://i.ibb.co/bXfGsjv/obrazek.png;;https://i.ibb.co/B2mg7zz/obrazek.png;;0;;1590087351
10 Invites = Nitro;;701158997444788254;;ram.#0511;;185286302080434177;;https://discord.gg/PK9tq6Z;;10;;Nitro;;https://i.ibb.co/BwKh5Mc/obrazek.png;;https://i.ibb.co/nnrKBYp/obrazek.png;;0;;1593007515
2 Invites = 1500 Robux;;701347177191964692;;Kaido#6695;;574007875207430154;;https://discord.gg/nzmXWC8;;2;;Robux, Nitro;;https://i.ibb.co/F6MLrDg/obrazek.png;;https://i.ibb.co/DYV9Z3P/obrazek.png;;0;;1589827763
Claim Your Nitro üåü;;701445879051190292;;skiloz#3630;;598144142177992705;;https://discord.gg/UDGPNFp;;5;;Nitro;;https://i.ibb.co/BjPDJ2v/obrazek.png;;https://i.ibb.co/LZ8TLYG/obrazek.png;;0;;1595950262
5 Invites = Nitro;;701676631424761927;;ùòôùò∫ùò¢ùòØ#6969;;481598833197842432;;https://discord.gg/sWY4PRB;;5;;Nitro;;https://i.ibb.co/Bj4zJhj/obrazek.png;;https://i.ibb.co/QvSWdjr/obrazek.png;;0;;1594723059
Nitro Project;;702223239161708614;;$$ " œømbre.#9999;;628291346079285270;;https://discord.gg/K8hEfMQ;;25;;Nitro;;https://i.ibb.co/j3rPmJq/obrazek.png;;https://i.ibb.co/tZckDFP/obrazek.png;;0;;1587670681
5 Invites = Rewards üåô;;702667551699894282;;Carder007#0007;;378955702598631444;;https://discord.gg/4JC7Ub9;;10;;Nitro, Minecraft accounts, Netflix accounts, Giftcards;;https://i.ibb.co/qycBVXZ/obrazek.png;;https://i.ibb.co/rwHnsj0/obrazek.png;;0;;1590345013
2 invites = 2,500 ùì°ùìûùìëùì§ùìß;;704031337513746442;;Mikerooo#4951;;692297890512764939;;https://discord.gg/2RTgfJ3;;1;;Robux, Nitro;;https://i.ibb.co/Bzfn3B1/obrazek.png;;https://i.ibb.co/km0BDN7/obrazek.png;;0;;1588013614
10 invites = Renegade raider gen;;704245605781733426;;symereFx#0001;;342482994734563338;;https://discord.gg/aZdrzm5;;10;;Fotnite skins;;https://i.ibb.co/9Hh4SDZ/obrazek.png;;https://i.ibb.co/JsVZrv6/obrazek.png;;0;;1593101112
Daily Giveaways | Robux & Nitro #10K;;704363987772637324;;!                 kekerito#3124;;668435008683507723;;https://discord.gg/GwtPwNd;;-1;;Nitro;;Screenshots were not taken in DSMv2;;Screenshots were not taken in DSMv2;;0;;1598639076
5 Invites -> Nitro;;705162258795200623;;Dm -> Free Nitro#4989;;705335892721795092;;https://discord.gg/4SZXCay;;5;;Nitro;;https://i.ibb.co/xsqC7NR/obrazek.png;;https://i.ibb.co/grJwwq0/obrazek.png;;0;;1591370267
üöÄ‚Ä¢Rewards‚Ñ¢;;705457904832086126;;Cxrelessüåô#9999;;661273592054546445;;https://discord.gg/AuCRmBE;;10;;Nitro, Robux, PayPal;;https://i.ibb.co/wr7KLGg/obrazek.png;;https://i.ibb.co/hZ9Qqf9/obrazek.png;;0;;1590347742
3 invites = 3000 Robux;;707004259933093968;;Stipple#4421;;707663273088254004;;https://discord.gg/aMkE7r6;;3;;Robux;;https://i.ibb.co/8zfcrqF/obrazek.png;;https://i.ibb.co/nzBSMPp/obrazek.png;;0;;1591372167
Winter MC;;707146807758553098;;Racks#0001;;446959324217081856;;https://discord.gg/YMk4wU9;;-1;;Varies, usually Nitros;;https://i.ibb.co/6t5nP7q/obrazek.png;;Reward statuses are posted every time when a new event is started;;0;;1592508160
ùë´ùíìùíäùíõùíõùíö ùë≥ùíêùíñùíèùíàùíÜ üí∏;;707373836860916294;;Carder007#0007;;378955702598631444;;https://discord.gg/RV7r6KT;;5;;Nitro, Robux, Minecraft Accounts;;https://i.ibb.co/1rXtynD/obrazek.png;;https://i.ibb.co/dpskhDc/obrazek.png;;0;;1590344788
5 Invites = 1 Nitro;;707532239172534322;;RichardLOL#8542;;453167713939095553;;https://discord.gg/dNjthgC;;1;;Nitro, PayPal, Robux;;https://i.ibb.co/8z61w8H/obrazek.png;;https://i.ibb.co/0tkvCPJ/obrazek.png;;0;;1591370695
5 invites = Nitro Classic | Fenix Community |;;708435544085889305;;Marsi#8404;;708435544085889305;;https://discord.gg/jRruEU5;;5;;Nitro;;https://i.ibb.co/p2FVKdD/obrazek.png;;https://i.ibb.co/D88VjSg/obrazek.png;;0;;1591956798
3 Invites = Nitro Classic;;708632302137114644;;NuRoFeNCaLmiNÔæâ·¥¨·¥∑#0889;;712699739413676084;;https://discord.gg/uxajxgn;;15;;Nitro;;https://i.ibb.co/JtWBh05/obrazek.png;;https://i.ibb.co/ZSm8Tmx/obrazek.png;;0;;1592940486
5 Invites = V-Bucksüí´;;708886410769334293;;AX10#0001;;577988659354271754;;https://discord.gg/sHwu6GW;;3;;Fortnite Vbucks & skins and Nitro;;Screenshots were not taken in DSMv2;;Screenshots were not taken in DSMv2;;0;;1598359611
DarkNight(Rewards,J4J);;709426854720700476;;valentin#9999;;670330066999181323;;https://discord.gg/V4raUrA;;3;;Alphastar;;https://i.ibb.co/ZVMz866/obrazek.png;;https://i.ibb.co/7Q2QpXm/obrazek.png;;1;;1593432497
NitroHub ‚Ä¢ üöÄ;;709459531914149889;;Motion#6969;;707785737289990154;;https://discord.gg/P6sR4Sx;;1;;Many cracked accounts;;https://i.ibb.co/ZLvW9zf/obrazek.png;;https://i.ibb.co/ZH0Z3Lk/obrazek.png;;0;;1591376658
‚ú®5 INVITES = 5000 ROBUX‚ú®;;709598496100974673;;kazookid#5540;;733722248107786280;;https://discord.gg/U4erxTY;;5;;Nitro, Robux;;https://i.ibb.co/V9CcCGj/obrazek.png;;https://i.ibb.co/PZ5Ff45/obrazek.png;;0;;1595050791
Invite 4 Rewards;;709606474942382112;;Swift.#0001;;428763222494019586;;https://discord.gg/SRFbtsE;;3;;Methods, Promotions, Video editing;;https://i.ibb.co/cQBXvQr/obrazek.png;;https://i.ibb.co/MDrX7Sz/obrazek.png;;1;;1593420290
Boost Airport;;709911210253877329;;!                           Cabo#1111;;316822270825857034;;https://discord.gg/z3e44dR;;25;;Server Boosts;;Screenshots were not taken in DSMv2;;Screenshots were not taken in DSMv2;;0;;1598628669
10 Invites = Nitro;;709934567510900827;;Reaptios#7703;;708096373865578596;;https://discord.gg/4r9jfMf;;10;;Nitro;;https://i.ibb.co/NYmcjQp/obrazek.png;;https://i.ibb.co/fDYnx9Q/obrazek.png;;0;;1590439219
ùòïùòêùòõùòôùòñ ùòçùòúùòï  ‚Ü¨ ùôçùôöùô¨ùôñùôßùôôùô®;;710112525857062953;;Safdrx#9999;;692380530150473811;;https://discord.gg/BPppeM4;;7;;PayPal, Nitro, Minecraft;;https://i.ibb.co/FwYBzGv/obrazek.png;;https://i.ibb.co/m6cb7rw/obrazek.png;;0;;1592058173
15 INVITES = NITRO;;710207559444856943;;! L√¨q√πi√∏d#9516;;666281102759034931;;https://discord.gg/asBdBrQ;;3;;Robux, Nitro, PayPal, Netflix, Roblox;;https://i.ibb.co/1zWvDK3/obrazek.png;;https://i.ibb.co/Pm6FCkZ/obrazek.png;;0;;1590435623
Best Rewards üí∏‚è≥;;710326740731560087;;Carder007#0007;;378955702598631444;;https://discord.gg/ADnkAgt;;5;;Nitro, PayPal, Minecraft Accounts;;https://i.ibb.co/yq4YnXj/obrazek.png;;https://i.ibb.co/Jx6g50C/obrazek.png;;0;;1590344922
üç≠‚îÇRewards‚Ñ¢;;710677407148933140;;Cxrelessüåô#9999;;661273592054546445;;https://discord.gg/ZnNt7aM;;10;;Nitro, Robux, PayPal;;https://i.ibb.co/Yy10pyR/obrazek.png;;https://i.ibb.co/Qd6jdX5/obrazek.png;;0;;1590347808
5 ùï¥ùñìùñõùñéùñôùñäùñò = 3,500 ùïΩùñîùñáùñöùñù / ùñÅ-ùï≠ùñöùñàùñêùñò;;710943516070641795;;A e s t h e t i c#4780;;733683166665113650;;https://discord.gg/aKH2mnM;;5;;Robux and Vbucks;;https://i.ibb.co/PjJ0XMJ/obrazek.png;;https://i.ibb.co/gmxg9Dn/obrazek.png;;0;;1595050856
3 Invites = 2,000 ROBUX;;711215736932139058;;MinecraftGamer3#6855;;733717376234946620;;https://discord.gg/Hh5ub8m;;3;;Robux;;https://i.ibb.co/4FjfgRg/obrazek.png;;https://i.ibb.co/9TBtYCj/obrazek.png;;0;;1595050534
üöÄ‚Ä¢NitroRewards‚Ñ¢;;711366111618400278;;Cxrelessüåô#9999;;661273592054546445;;https://discord.gg/zq9wwZA;;10;;Nitro, Robux, PayPal;;https://i.ibb.co/dLt1GNZ/obrazek.png;;https://i.ibb.co/hZpYjKt/obrazek.png;;0;;1590347685
2 invites = 3,500 Robux üöÄ;;711993916844408874;;Justƒ±n#1294;;654149406831935501;;https://discord.gg/EgVnvz3;;2;;Robux, Nitro;;https://i.ibb.co/zJQKKyn/obrazek.png;;https://i.ibb.co/fkwHwjk/obrazek.png;;0;;1590088875
Warrior's World!;;712053920549044345;;Warrior#2531;;612722236239118387;;https://discord.gg/644f9NC;;3;;Unchecked nitro codes, Robux, Fortnite, Minecraft, Youtube subscribers, Advertisements, Nitro;;https://i.ibb.co/N37CrzK/obrazek.png;;https://i.ibb.co/RBbvbyY/obrazek.png;;1;;1592572871
PayPal Rewards P;;712113516810600529;;AJackson#0001;;395385897664643072;;https://discord.gg/4w9qbFT;;25;;PayPal;;https://i.ibb.co/Vx8jr69/obrazek.png;;https://i.ibb.co/9ND9KgK/obrazek.png;;0;;1592387583
PayPal Rewards;;712349252453400637;;Gayrex#6666;;712349252453400637;;https://discord.gg/DyPaRd2;;10;;PayPal;;https://i.ibb.co/BZLSVkG/obrazek.png;;https://i.ibb.co/6Wvbpgf/obrazek.png;;0;;1590439953
Rewards;;712383095726407771;;! DarkBoyüç≠#6666;;697279777974911077;;https://discord.gg/wPKJtm5;;0;;Server stopped doing rewards, but earlier, when invite rewards were running, we decided and found that the server is a scam.;;https://i.ibb.co/1q165qj/obrazek.png;;None;;0;;1590343680
üöÄ„Éª2 Invite = Nitro;;712687879197032550;;Hxrror#0001;;614607891701170206;;https://discord.gg/wcq9QUD;;2;;Fortnite, Nitro, Giftcards;;https://i.ibb.co/Bcy905G/obrazek.png;;https://i.ibb.co/mtS3B77/obrazek.png;;0;;1590436540
3 Invites = 1 Nitro üöÄ;;712693178247020615;;Justƒ±n#1294;;654149406831935501;;https://discord.gg/kzHCuSh;;3;;Nitro, Robux, PayPal;;https://i.ibb.co/THGpWXK/obrazek.png;;https://i.ibb.co/3mnyLNS/obrazek.png;;0;;1590089044
HyperLand;;712727763928350802;;Admin#9999;;246368987321991168;;https://discord.gg/K7FsJdc;;5;;Steam Keys, Nitro;;https://i.ibb.co/g9X5qYM/obrazek.png;;https://i.ibb.co/30zBv68/obrazek.png;;1;;1596188502
PayPal Rewards;;712735514150568087;;Exo Power#7866;;409823410106138634;;https://discord.gg/p98NsA9;;5;;PayPal, accounts;;https://i.ibb.co/X890dPn/obrazek.png;;https://i.ibb.co/18KcNHC/obrazek.png;;0;;1593102082
Islands  Hub;;713535140663656478;;Denied | Pog‚Äôs wife‚Äî-#2222;;681630440196800731;;https://discord.gg/QPYgkjT;;10;;Robux, Skyblox items;;https://i.ibb.co/rd4vSfj/obrazek.png;;https://i.ibb.co/grHL67K/obrazek.png;;1;;1594899074
3 Invites = 3,500 Robux;;713716214211543070;;Saro#0001;;707854882845097994;;https://discord.gg/gV9jcad;;4;;Nitro, Robux, PayPal;;https://i.ibb.co/Z1Z1N9S/obrazek.png;;https://i.ibb.co/QKspX8q/obrazek.png;;0;;1590350638
Infinite ‚òî;;713796439129718826;;Justin..#0001;;477548947318112260;;https://discord.gg/WdtM2qB;;20;;Nitro;;https://i.ibb.co/mBmk1QV/obrazek.png;;https://i.ibb.co/sqh0pCC/obrazek.png;;0;;1591369588
3 Invites = Minecraft Cape;;713863013463097479;;Justƒ±n#1294;;654149406831935501;;https://discord.gg/jJgYfEg;;3;;Minecraft Capes, Nitro;;https://i.ibb.co/zmbWYyv/obrazek.png;;https://i.ibb.co/Lhhywj2/obrazek.png;;0;;1590349248
6 invites = NITRO & More;;714211052719571004;;????????#7077;;509951385417154560;;https://discord.gg/D2XQrkh;;6;;Nitro, Robux;;https://i.ibb.co/v3sZy7Y/obrazek.png;;https://i.ibb.co/mHBHFpr/obrazek.png;;0;;1590433265
üç≠„ÉªFreeNitroGift;;714533195311349840;;! ‚Ä† Œ® L.S.D Œ® ‚Ä† !#6666;;712592038322896926;;https://discord.gg/kzYqBNW;;15;;Nitro;;https://i.ibb.co/rHLsr2K/obrazek.png;;https://i.ibb.co/0F1Xbdt/obrazek.png;;0;;1590434160
Paypal Rewards üí´;;714825776574365767;;Phineas#1820;;371657207198253059;;https://discord.gg/VJ2HhQT;;10;;Paypal;;https://i.ibb.co/VWKw85y/obrazek.png;;https://i.ibb.co/G7txCRh/obrazek.png;;0;;1594917308
3 invites=renegade;;714947309884014663;;Madara uchiha#1309;;422741390636744704;;https://discord.gg/6sUepFd;;8;;Nitro, Giftcards, PayPal;;https://i.ibb.co/C1M0sPy/obrazek.png;;https://i.ibb.co/YR2GRtq/obrazek.png;;0;;1593699953
J-4-J / Invite Rewards;;715229541081284638;;Aybars#6923;;410142642752716821;;https://discord.com/invite/89YSTFz;;10;;nitro, robux, boosts;;https://i.ibb.co/NSWB5D3/obrazek.png;;https://i.ibb.co/fDPm0wF/obrazek.png;;0;;1595407939
Yams Giveaways ü•≥;;715517898881499198;;Yam#0001;;281941937768890369;;https://discord.gg/cZsx25P;;-1;;Nitro;;Screenshots were not taken in DSMv2;;Screenshots were not taken in DSMv2;;1;;1598515881
Robux;;715926401500315718;;Hardeez#0001;;696348308674707458;;https://discord.gg/Yjbay2M;;3;;Robux, Nitro, PayPal;;https://i.ibb.co/zxYsPgr/obrazek.png;;https://i.ibb.co/tXqN5rY/obrazek.png;;0;;1591377601
5 Invites = V-Bucks;;715976589745193011;;Confirm#9999;;713093803610996746;;https://discord.gg/xe8f8UZ;;3;;Fortnite in game items;;https://i.ibb.co/mN3CNMt/obrazek.png;;https://i.ibb.co/L1M0Q0R/obrazek.png;;0;;1591371695
3 Invites = Nitro;;716757777346855012;;Raedlu#7269;;642089500616687629;;https://discord.gg/TrVmh4Y;;3;;Nitro;;https://i.ibb.co/tqy75L1/obrazek.png;;https://i.ibb.co/HYSPZm6/obrazek.png;;0;;1594990751
Free Nitro;;717024185217581166;;! Tobi üåô#8943;;641334131560546340;;https://discord.gg/3mpmB3T;;4;;Hex! Run, Nitro;;https://i.ibb.co/NpPb33G/obrazek.png;;https://i.ibb.co/G20JS9m/obrazek.png;;0;;1593093421
Nitro Drops;;717340049846567012;;Altitude3k#6379;;574859343187410976;;https://discord.gg/mncDudr;;10;;Nitro, Amazon;;https://i.ibb.co/KGCkXGL/obrazek.png;;https://i.ibb.co/ZgWtnT9/obrazek.png;;0;;1592509329
L√©gitGang;;717449634892611626;;'Bartu#2010;;698124291518234635;;https://discord.gg/NFm362z;;-1;;Nitro;;https://i.ibb.co/7zyhKgZ/obrazek.png;;https://i.ibb.co/PM546h9/obrazek.png;;0;;1594669936
Free Giveaways;;717670618782236732;;Noah!#0001;;715989746169675860;;https://discord.gg/nw5vHTZ;;-1;;Giveaways only - Nitro;;https://i.ibb.co/RvnFs8N/obrazek.png;;Giveaways only;;0;;1593008508
5 Invites = Nitro ‚úî;;717752636765372477;;EaZea#6969;;306879566855536640;;https://discord.gg/j8FK6UG;;5;;Nitro, Robux;;https://i.ibb.co/WKm971Y/obrazek.png;;https://i.ibb.co/mcfR5Nd/obrazek.png;;0;;1593089499
Stef's Gen/Invite Rewards;;717972109757775902;;Stef Pro Gaming#0001;;717972109757775902;;https://discord.gg/5fWT762;;2;;Nitro, Fortnite in game items;;https://i.ibb.co/jW2QBRP/obrazek.png;;https://i.ibb.co/wCgHLV0/obrazek.png;;0;;1592057013
5 Invites = V-Bucks;;718146286771109959;;AX10#9999;;488483088846946304;;https://discord.gg/BzqkHbU;;3;;Fortnite, Nitro;;https://i.ibb.co/Sw7DbDr/obrazek.png;;https://i.ibb.co/Y0fRwwh/obrazek.png;;0;;1592389411
Giveaway Night;;718164884851785778;;! Marvin K.#0001;;618143248027746323;;https://discord.gg/s2GYK3D;;2;;Pulsar, Alphastar, Galaxy;;https://i.ibb.co/PM27mV0/obrazek.png;;https://i.ibb.co/hF0yhVp/obrazek.png;;1;;1594994085
Celestial üí´‚ú®;;718339913900359771;;StarkRektYou#1234;;338724630854500352;;https://discord.gg/Mp8gzhb;;10;;Roles, Advertisement credits, Nitro, PayPal;;https://i.ibb.co/c3WQW1D/obrazek.png;;https://i.ibb.co/WWBNcRb/obrazek.png;;1;;1593699498
3 invites = 4000 Robux;;718374182852886549;;VolitantStix#0001;;289100785730453504;;https://discord.gg/zxyQXfB;;3;;Robux, Nitro, PayPal;;https://i.ibb.co/GJkRZnS/obrazek.png;;https://i.ibb.co/dWH0dTR/obrazek.png;;0;;1592032095
3 Invite=Nitro üöÄ¬©||LEGIT REWARD;;718441364848771222;;! „ÄåùêíùêîùêíùêáŒõùêçùêì‚ïÆ·¥º·¥æÈùûùôîùôè‰πÇ#9999;;718441364848771222;;https://discord.gg/dxwHkJS;;5;;Nitro, Robux;;https://i.ibb.co/jr3p1JQ/obrazek.png;;https://i.ibb.co/2hmmC5s/obrazek.png;;0;;1592388743
Free Nitro Kingdom #2.5K;;718531526328975400;;! El Professor „É†#9999;;725418072416190576;;https://discord.gg/SdDVA5m;;10;;Nitro, Boosts, PayPal, Turkish Money, Accounts;;https://i.ibb.co/GF5kw97/obrazek.png;;https://i.ibb.co/BjJHMSZ/obrazek.png;;0;;1593023952
5 Invites = Classic Nitro!;;719543951991767110;;! R√∏xy#3152;;704031870458789908;;https://discord.gg/YCRGpkd;;5;;Nitro;;https://i.ibb.co/0qMgQz9/obrazek.png;;https://i.ibb.co/PgxVy9k/obrazek.png;;0;;1591952930
Benco | Rewards;;719676829039984752;;! Scorpion#0001;;710051997134487605;;https://discord.gg/CcGr2JS;;20;;PayPal, Nitro;;https://i.ibb.co/JmtrHcK/obrazek.png;;https://i.ibb.co/f0kNZm7/obrazek.png;;1;;1593701249
RBXRed;;720263103039668285;;HandRobuxs#0907;;340090226452070400;;https://discord.gg/8J38gmV;;1;;Members+, Bloxburg, Jailbreak (roblox games);;https://i.ibb.co/G0KBCZQ/obrazek.png;;https://i.ibb.co/02r4dqh/obrazek.png;;1;;1592571729
üíñ| ‚ÑïùïÄùïã‚ÑùùïÜ ùì°ùìîùì¶ùìêùì°ùììùì¢ | üåü;;720263547535491096;;itz_Janna#7648;;720258721707589743;;https://discord.gg/WHrfyK9;;5;;Robux, Nitro, Accounts;;https://i.ibb.co/yShsKv1/obrazek.png;;https://i.ibb.co/F3XpbTZ/obrazek.png;;0;;1593100501
5 Invites = V-Bucks üåµ;;720371905743552612;;Confirm#9999;;713093803610996746;;https://discord.gg/cXHAVTd;;3;;Vbucks, in game items;;https://i.ibb.co/k32wRzR/obrazek.png;;https://i.ibb.co/VpPkmr6/obrazek.png;;0;;1591952583
3 Invites = V-Bucks üí´;;720374512515940473;;Unicode#0100;;719563966287970324;;https://discord.gg/tuKbXXV;;3;;Vbucks, Fortnite in game items;;https://i.ibb.co/Jr5Yy8f/obrazek.png;;https://i.ibb.co/bPMQh0Y/obrazek.png;;0;;1592032657
3 Invites = V-Bucks üí´;;720453018457473034;;Unicode#0100;;719563966287970324;;https://discord.gg/Hkk2UE6;;3;;Fortnite in game items;;https://i.ibb.co/N65hh1L/obrazek.png;;https://i.ibb.co/Qj6S9SM/obrazek.png;;0;;1592029316
üí∞ | Free Robux;;720581273940394015;;Domestic Drout#2004;;674322972923920403;;https://discord.gg/ZCp45df;;5;;Robux;;https://i.ibb.co/YbYxWN2/obrazek.png;;https://i.ibb.co/QMF6kvP/obrazek.png;;0;;1594996222
Mexi Rewards;;720725881894731916;;Mexi#0001;;290274026738286593;;https://discord.gg/BVKvyRw;;2;;Members+ coins, unchecked nitro, robux, Nitro games;;https://i.ibb.co/q1nRf3k/obrazek.png;;https://i.ibb.co/zxf0CJt/obrazek.png;;1;;1592852747
5 inv = 50 ROBUX;;720888151110975498;;! Jorge#2663;;698428572251193394;;https://discord.gg/dYcFjfy;;5;;Robux;;https://i.ibb.co/zZJ7v23/obrazek.png;;https://i.ibb.co/pLYPSWF/obrazek.png;;0;;1593698091
3 invites = V-Bucks;;720907853472464928;;VolitantStix#0001;;289100785730453504;;https://discord.gg/uaXmkK6;;3;;Vbucks, Fortnite in game items;;https://i.ibb.co/6WMTCHc/obrazek.png;;https://i.ibb.co/VVK2jPt/obrazek.png;;0;;1592032169
Nitro Reward | no req giveaways;;721105173103247361;;Rdmüåô#7830;;720748382745788507;;https://discord.gg/ZaSTnQd;;35;;Nitro;;https://i.ibb.co/94NpKJJ/obrazek.png;;https://i.ibb.co/TK2MqkD/obrazek.png;;1;;1593699045
Robux & Nitro Rewards‚Ñ¢;;721299172086775839;;Snyro#8467;;499228583580139520;;https://discord.gg/HbMQfAt;;5;;Nitro, Robux;;https://i.ibb.co/8szDxxC/obrazek.png;;https://i.ibb.co/Nx1Z7Yt/obrazek.png;;0;;1593003712
¬∑| Nitro Club |¬∑;;721352400547479583;;! Kylie#7458;;721315885914259546;;https://discord.gg/HVeTdxe;;10;;Robux, Nitro, PayPal;;https://i.ibb.co/5nGJNNf/obrazek.png;;https://i.ibb.co/HHD3Khc/obrazek.png;;0;;1592382806
üí∞Free Robux Invitesüí∞;;721408221939630150;;Leafy#6005;;734034779485241375;;https://discord.gg/KnzXPRC;;5;;Robux;;https://i.ibb.co/cv5n2tX/obrazek.png;;https://i.ibb.co/tqvkrzh/obrazek.png;;0;;1595084636
Coins For Rewards;;721486979744792646;;winter#6207;;630071260755525657;;https://discord.gg/ZpS5GSM;;-1;;Only members+ coins offers (Nitro, Robux);;https://i.ibb.co/RYH6gX8/obrazek.png;;https://i.ibb.co/c2jpHWR/obrazek.png;;0;;1593088738
2 invites = 1,000 Robux;;721527148048810025;;vax#0666;;719508370935250995;;https://discord.gg/CUNmdSP;;2;;Robux;;https://i.ibb.co/6rGdVmD/obrazek.png;;https://i.ibb.co/rxvB9WF/obrazek.png;;0;;1593165540
Giveaway Park;;721618092702040065;;Mr. Duck#9999;;661766432748470272;;https://discord.gg/4KJTjuf;;2;;Methods, Game news, Steam keys, Members+ coins, Bloxburg Credits, Roblox groups, Platam Discord games;;https://i.ibb.co/0n3fdKp/obrazek.png;;https://i.ibb.co/47n4wFR/obrazek.png;;1;;1592373269
9 Invites = Nitro Booster;;721727019464786010;;Gamer.io-Pc expert_YT#4069;;686035087611133968;;https://discord.gg/z9Eu4ch;;9;;Nitro;;https://i.ibb.co/L8c6P98/obrazek.png;;https://i.ibb.co/Qk9QDhx/obrazek.png;;0;;1593165480
üîë„Éª ONLY REWARDS;;721735097413271632;;Reward Gifter!#3667;;721735702207004804;;https://discord.gg/dUVHmsn;;2;;Nitro, Robux, PayPal, Fortnite;;https://i.ibb.co/dQ3HkDq/obrazek.png;;https://i.ibb.co/56WcdxF/obrazek.png;;0;;1593010180
üí∏ „Éª2 INVITES = 3,500 ROBUX;;721828462960181368;;Reward Gifter!#3667;;721735702207004804;;https://discord.gg/ZHt9QW7;;2;;Robux;;https://i.ibb.co/3zH18fT/obrazek.png;;https://i.ibb.co/cc8g330/obrazek.png;;0;;1593010068
Free Robux;;721834101019115620;;Voidd#9999;;734037022846615613;;https://discord.gg/anesK6f;;3;;Nitro, Robux, PayPal;;https://i.ibb.co/qD8r1Q5/obrazek.png;;https://i.ibb.co/QDNYbqY/obrazek.png;;0;;1595084611
Paypal Rewards;;722075945997172777;;œüKÃ∑Œ£nzo‚ôî ùêã.ùêé.ùêë.ùêÉ#6666;;651099653332533269;;https://discord.gg/xRxVBNJ;;3;;PayPal;;https://i.ibb.co/crSzByq/obrazek.png;;https://i.ibb.co/Fht4bJN/obrazek.png;;0;;1593419675
5 INVITE = NITRO üéÅ;;722144042263248906;;! Froz√©n Â≤∫#1111;;705733381996019803;;https://discord.gg/PZphzzQ;;5;;Nitro, nitro boosts;;https://i.ibb.co/Fsmsgwx/obrazek.png;;https://i.ibb.co/4sMkXPM/obrazek.png;;0;;1593089767
5 invites = 1,000 robux;;722203140463788125;;Youngboy#7191;;712442686807867393;;https://discord.gg/yGA5Zw;;5;;Robux;;https://i.ibb.co/YpygrRr/obrazek.png;;https://i.ibb.co/PwYvvH2/obrazek.png;;0;;1593091059
Giveaway Hub;;722224675052322887;;Cloudy#1111;;383764436235845634;;https://discord.gg/mdAuN9Y;;4;;Nitro, PayPal;;https://i.ibb.co/pRwfXTS/obrazek.png;;https://i.ibb.co/5M4DQJW/obrazek.png;;0;;1593433807
5 invite= KARDZ;;722267727187804190;;! „ÄåùêíùêîùêíùêáŒõùêçùêì‚ïÆ·¥º·¥æÈùûùôîùôè‰πÇ#2990;;600633653915025408;;https://discord.gg/XhUS7zX;;5;;Credit cards;;https://i.ibb.co/B3VvpS7/obrazek.png;;https://i.ibb.co/Q647B2c/obrazek.png;;0;;1592389173
! Free Prizes !;;722366038204874783;;chieoncrxck#3752;;399669632958464000;;https://discord.gg/a4fSfjW;;10;;Nitro, Robux, V-Bucks;;https://i.ibb.co/dgcMWGC/obrazek.png;;https://i.ibb.co/FznVFdk/obrazek.png;;0;;1594896797
The Rewards Hive;;722579524541481031;;itsmeitzderas#2005;;371036810341777408;;https://discord.gg/GNrnG63;;1;;Robux;;https://i.ibb.co/Sn9mDBH/obrazek.png;;https://i.ibb.co/Cmzj3DK/obrazek.png;;1;;1594893069
ùë±ùë∂ùë∞ùëµ ùë≠ùë∂ùëπ ùë±ùë∂ùë∞ùëµ ü¶Ñ;;722932375713087488;;‚úØ Kiddu#0001;;707301937329995816;;https://discord.gg/wecTwbz;;10;;Members+ coins;;https://i.ibb.co/sVdT3K1/obrazek.png;;https://i.ibb.co/6gczMMq/obrazek.png;;0;;1593421230
$$$ GIVEAWAYS Oprah's Lounge üíéüíé;;723004454353502249;;Mocha#3497;;722997987974053929;;https://discord.gg/W2KCDzK;;1;;Robux;;https://i.ibb.co/X364fwx/obrazek.png;;https://i.ibb.co/QKXQGm9/obrazek.png;;1;;1594666656
5 Invites = Robux/Nitro;;723283917943078943;;Domestic Drout#2004;;733687198414798909;;https://discord.gg/qHXwpT2;;5;;Robux, Nitro;;https://i.ibb.co/6rmTXMm/obrazek.png;;https://i.ibb.co/rtPn0dZ/obrazek.png;;0;;1595050731
PayPal Rewards ‚Ñ¢;;723322525903487067;;Pork247#2638;;700723419116732518;;https://discord.gg/fKw7fpR;;5;;PayPal;;https://i.ibb.co/HHF4MVt/obrazek.png;;https://i.ibb.co/v4dLYyd/obrazek.png;;0;;1593422173
Roblox Giveaways!;;723552578524413981;;ùí±ùíæùí∏ùìâùëúùìáùíæùí∂#6941;;733992321778974721;;https://discord.gg/Za7VWzb;;1;;Robux;;https://i.ibb.co/F8sHwf7/obrazek.png;;https://i.ibb.co/PWGdYq2/obrazek.png;;0;;1595084697
üéÅ | Springs Rewards | 1.4K;;723656211899220035;;Arouf#0002;;553319269752897693;;https://discord.gg/ySb4vRB;;9;;Nitro;;https://i.ibb.co/Nmmzvq0/obrazek.png;;https://i.ibb.co/4ZxRDRQ/obrazek.png;;0;;1594895337
3 Invites = 1 Nitro üöÄ;;723795391086329918;;Aloxy#0001;;715150278982238260;;https://discord.gg/367tArN;;3;;Nitro;;https://i.ibb.co/Fg4650V/obrazek.png;;https://i.ibb.co/n6w36mh/obrazek.png;;0;;1593091246
Rewarders;;723898512210788403;;! Zunden#6310;;723635311132934145;;https://discord.gg/ZXEF32r;;3;;Nitro,Paypal,Accounts;;https://i.ibb.co/ByKgVzB/obrazek.png;;https://i.ibb.co/pdSTWWD/obrazek.png;;0;;1593091378
3 Invites ‚Ä¢ Nitro ü™Å;;723983216284926002;;eRR#0006;;426045025722433536;;https://discord.gg/cR7c36k;;3;;Nitro;;https://i.ibb.co/26dLDz6/obrazek.png;;https://i.ibb.co/QdHfNxv/obrazek.png;;0;;1593005720
Alphastar rewards;;724032282125402294;;Ispringrolls#5823;;617799501226180619;;https://discord.gg/rKv9EQf;;2;;AlphaStar;;https://i.ibb.co/pQRTMzR/obrazek.png;;https://i.ibb.co/5vPRsrX/obrazek.png;;1;;1593762605
2 invites = 3,500 Robux;;724262848339116035;;Lucy ‚ù§#6516;;724260577563639847;;https://discord.gg/zravtXD;;2;;Robux;;https://i.ibb.co/nQsGP10/obrazek.png;;https://i.ibb.co/XCqTc8D/obrazek.png;;0;;1593091448
üî¥ „Éª2 INVITES = 4,500 ROBUX;;724458676144046151;;Reward Gifter!#3667;;721735702207004804;;https://discord.gg/5jc52Vh;;2;;Robux;;https://i.ibb.co/bgDGSt2/obrazek.png;;https://i.ibb.co/tXBkkw4/obrazek.png;;0;;1593010109
PayPal Rewards;;724489477434769428;;CLOUDboy#9896;;633156322799386625;;https://discord.gg/ncwc2zH;;5;;PayPal;;https://i.ibb.co/WGkgyZq/obrazek.png;;https://i.ibb.co/52LhhCh/obrazek.png;;0;;1593090952
SkeleRBX;;724682516962738236;;Thief#0906;;295148899314827268;;https://discord.gg/T295x5J;;1;;Robux;;https://i.ibb.co/X43PqRK/obrazek.png;;https://i.ibb.co/znw3h0z/obrazek.png;;1;;1593433372
invites=paypal;;724689416240496641;;JamesBones#2967;;712408548591665172;;https://discord.gg/4nP8s9G;;10;;Paypal;;https://i.ibb.co/Ss3wWQj/obrazek.png;;https://i.ibb.co/p098xH0/obrazek.png;;0;;1593091492
Join For Join  üåô #0.5k;;724730758605832223;;! L—î√¢der SwŒ±√Æn#6660;;599337378053881876;;https://discord.gg/AWDjpA;;-1;;No invite rewards, scam Members+ offers;;https://i.ibb.co/ssXpWfj/obrazek.png;;https://i.ibb.co/xFfQm8Q/obrazek.png;;0;;1593163587
üöÄ Nitro Giveaways;;724902499831775312;;V1nKyy#5300;;534367197171023909;;https://discord.gg/prpcmRX;;3;;Nitro;;https://i.ibb.co/cr237D8/obrazek.png;;https://i.ibb.co/Hh6PJj4/obrazek.png;;0;;1593165149
Giveway;;724949600846217238;;" Naipow#0001;;717681409015152681;;https://discord.gg/mvkmkK7;;10;;Nitro, Server boosts;;https://i.ibb.co/hMR4Jp1/obrazek.png;;https://i.ibb.co/mhrDBpR/obrazek.png;;0;;1593022864
5 Invites = 3,500 Robux / V-Bucks;;724952027117125662;;A e s t h e t i c#4780;;733683166665113650;;https://discord.gg/CT5g57Z;;5;;Robux, Vbucks;;https://i.ibb.co/m4CCnQ6/obrazek.png;;https://i.ibb.co/Vtv7fkj/obrazek.png;;0;;1595001940
3 Invites = Nitro;;724992673903018065;;Paco Pecador#2918;;719216734216650786;;https://discord.gg/qrkycMY;;3;;Nitro , PayPal , Accounts [Scam];;https://i.ibb.co/SdLP3HH/obrazek.png;;https://i.ibb.co/rZCKV74/obrazek.png;;0;;1593091584
Minecraft Community Lounge;;725078107949629573;;! SURVVZ#0002;;584140812686721035;;https://discord.gg/5gRuTZs;;-1;;Event: Nitro;;Screenshots were not taken in DSMv2;;Screenshots were not taken in DSMv2;;1;;1597434021
2 Invites = 2500 Robux;;725089588716240987;;naro#1337;;387042696167948295;;https://discord.gg/jJPg3nq;;2;;Robux, Nitro;;https://i.ibb.co/yQ9CYLz/obrazek.png;;https://i.ibb.co/2Pn6458/obrazek.png;;0;;1593425210
10 Invites „ÉªNitro;;725350968568446976;;ZŒ£Œ£K#1705;;733719054619115581;;https://discord.gg/wXKuV4F;;5;;Nitro;;https://i.ibb.co/sCZ9qVD/obrazek.png;;https://i.ibb.co/QD1YVFX/obrazek.png;;0;;1595050609
Moon Reward;;725381671716913304;;! ùì®ùìÆùìÆùîÉùîÇ„ÉÑüåô#9999;;725381671716913304;;https://discord.gg/DtJerWJ;;1;;Alphastar, Discord Games;;https://i.ibb.co/mvNdbKS/obrazek.png;;https://i.ibb.co/zRxGw6R/obrazek.png;;1;;1593192254
‚ùÑ„Éªùôâùôûùô©ùôßùô§ ùôÑùô®ùô°ùôñùô£ùôô;;725726336710082581;;" ùë∫ùíâùíÜùíìùíçùíêùíÑùíå.#3796;;724379253533048872;;https://discord.gg/pU8JF8z;;10;;Nitro, Boosts;;https://i.ibb.co/6m5r8nZ/obrazek.png;;https://i.ibb.co/y42YX9R/obrazek.png;;0;;1593762770
5 Inv = Nitro Classic . üéÅ;;725811061856665622;;Ediciust üëΩ#0555;;393144079703343104;;https://discord.gg/hFCfYHt;;10;;Nitro Classic;;https://i.ibb.co/6WMJLTD/obrazek.png;;https://i.ibb.co/0sH4ZCb/obrazek.png;;0;;1593167407
Motion's Cave;;725922461429923870;;Motion#9999;;312973712204890113;;https://discord.gg/39kr9vD;;1;;Nitro, Robux, Alphastar games, Server Templates;;https://i.ibb.co/7psQGxG/obrazek.png;;https://i.ibb.co/rcsQvWF/obrazek.png;;1;;1593003875
„Éª3 Invites = 1 Nitro üéÅ;;726031850425810946;;Ellycust üëΩ#0666;;414411035559329793;;https://discord.gg/wHtfzRF;;3;;Nitro;;https://i.ibb.co/k861d60/obrazek.png;;https://i.ibb.co/5BhVwZy/obrazek.png;;0;;1593407772
Shine MC;;726072748249710654;;!rocky#9999;;718151896258314371;;https://discord.gg/uG9Bwj5;;-1;;Nitro;;Screenshots were not taken in DSMv2;;Screenshots were not taken in DSMv2;;1;;1597501721
ùë´ùíÇùíóùíÜùíï ùë¨ùíï ùë≤ùíÇùíõùíÇùíè üí∏üí∏ #6.8K;;726078936311922810;;Vinguarde#5155;;729320664414158909;;https://discord.gg/tNtg7YH;;10;;Robux, PUBG, Vbucks, Nitro, Spotify, Minecraft, Zula, Valorant, netflix, Play Store giftcard;;https://i.ibb.co/YW8KjkS/obrazek.png;;https://i.ibb.co/ZT9GY2F/obrazek.png;;0;;1594990696
1 Invite = AlphaStar;;726133349697191998;;Blueberry#4942;;407207520923287573;;https://discord.gg/hfvGpr;;1;;AlphaStar;;https://i.ibb.co/nPdMhzC/obrazek.png;;https://i.ibb.co/sPcVHHt/obrazek.png;;1;;1593701638
Pulsar Official;;726313455216230431;;anto#6666;;260541836613910529;;https://discord.gg/wXtBvpd;;5;;Pulsar;;https://i.ibb.co/JQ4CR0y/obrazek.png;;https://i.ibb.co/pXSyGRp/obrazek.png;;1;;1595408717
3 invites = 1,500 Robux;;726485784554897469;;Voidd#9999;;688425521398153282;;https://discord.gg/jupGeY5;;3;;Nitro, Robux, PayPal, Bitcoin;;https://i.ibb.co/Y73PXFN/obrazek.png;;https://i.ibb.co/4tTnnfR/obrazek.png;;0;;1594720295
ùêçùê¢ùê≠ùê´ùê®ùê¨ | ùêÇùêöùêüùêû;;726712628834992170;;xDaddy#9062;;738659623720058920;;https://discord.gg/DAj8BZ;;2;;Nitro;;Screenshots were not taken in DSMv2;;Screenshots were not taken in DSMv2;;0;;1600523440
AlphastarMC | Rewards;;726734077398482964;;.CubePortal.#9999;;521301275581874216;;https://discord.gg/cxWBxpX;;2;;AlphaStar;;https://i.ibb.co/WVWSdGy/obrazek.png;;https://i.ibb.co/5WDFf67/obrazek.png;;1;;1593846363
Join = 500 robux;;726918008294867046;;ÔºπÔºØÔº≥ÔºØÔºπÔº≠Ôº°Ôº≤Ôº©ÔºØ#0671;;579358067276120069;;https://discord.gg/NEXT3dz;;1;;Robux;;https://i.ibb.co/h8Pkr2Y/obrazek.png;;https://i.ibb.co/QCzHzSq/obrazek.png;;0;;1593431979
Euphoric Adventures;;727117202175557702;;marceline;#8000;;724328948963737660;;https://discord.gg/RybyXBa;;-1;;Robux, Roblox Groups;;https://i.ibb.co/RTxMhDQ/obrazek.png;;Only giveaways;;1;;1595002563
PayPal Rewards;;727150264234278942;;Exo Power#7866;;409823410106138634;;https://discord.gg/9VawC2z;;5;;PayPal;;https://i.ibb.co/stwSb4k/obrazek.png;;https://i.ibb.co/sVBktxr/obrazek.png;;0;;1593700316
3 Invite ‚Ä¢ 1 Nitro üîÆ;;727221871916875876;;Jeo ‚úù#0006;;453782984127152149;;https://discord.gg/AhMVNx4;;3;;Nitro;;https://i.ibb.co/4ZnmxzD/obrazek.png;;https://i.ibb.co/pzj8DKV/obrazek.png;;0;;1593846943
EeveeGen;;727241487494152192;;Mudkip!#0001;;632226953797304330;;https://discord.gg/makDvgm;;10;;Access to a channel;;https://i.ibb.co/pZpthqP/obrazek.png;;https://i.ibb.co/sJb60J7/obrazek.png;;1;;1595773417
‚≠ê„ÉªNITRO REWARDS;;727250829144359022;;Leave temp.FSB#0777;;722632001068335106;;https://discord.gg/dGWJcHb;;5;;Nitro;;https://i.ibb.co/nzBL7S9/obrazek.png;;https://i.ibb.co/mR1sFzx/obrazek.png;;0;;1593700630
Ceramic Central üçØüåª;;727259821488734229;;Ceramic#0001;;197342812839084032;;https://discord.gg/UFvAd3f;;-1;;Varies;;https://i.ibb.co/cwtBJdq/obrazek.png;;Varies;;1;;1595410493
5 Invites = Discord Nitro;;727682968897847306;;ZGlowZ#8085;;706261074923749439;;https://discord.gg/XZA4Wu;;5;;Nitro Generator;;https://i.ibb.co/9wNsJfZ/obrazek.png;;https://i.ibb.co/vqKhBFp/obrazek.png;;0;;1594991221
5 Invites = Black Knight;;727911254026354729;;Lil Ricky#3738;;702598231997153390;;https://discord.gg/GKd7M2;;1;;Fortnite accounts, unchecked Nitro;;https://i.ibb.co/hYLVqLy/obrazek.png;;https://i.ibb.co/L99s4dW/obrazek.png;;0;;1594727042
5 ƒ∞nvites Nitro ‚Ä¢ 3K;;727966250285662269;;!                          lykia#2016;;599330622670110730;;https://discord.gg/The9w57;;15;;Nitro;;Screenshots were not taken in DSMv2;;Screenshots were not taken in DSMv2;;0;;1597580060
üí∏ Invite Rewards üí∏;;728233357070172301;;Seanio#9976;;391536969114714113;;https://discord.gg/48rHM2S;;5;;Paypal, Nitro, Members+ coins, Robux;;https://i.ibb.co/74Dm0cC/obrazek.png;;https://i.ibb.co/YWzN0z7/obrazek.png;;0;;1594996172
üöÄmember+coins;;729174356822982776;;‚úò‚úò#0001;;693517800760803398;;https://discord.gg/vqwtaDd;;15;;Members+ coins;;https://i.ibb.co/S3DJ9qr/obrazek.png;;https://i.ibb.co/wQ3czb7/obrazek.png;;0;;1594915785
ü§ë PAYPAL AND NITRO REWARDS ü§ë;;729397990137135166;;heyy#3355;;633254717719445514;;https://discord.gg/rtMmcnz;;2;;Nitro, PayPal;;https://i.ibb.co/ZxCxqvh/obrazek.png;;https://i.ibb.co/NnPFQPH/obrazek.png;;0;;1595084727
üíé ùêÉùê¢ùêöùê¶ùê®ùêßùêùùê¨ üíé;;729442361826082927;;$kull#0006;;722918700063391806;;https://discord.gg/8GDGJAC;;5;;Nitro, Minecraft;;https://i.ibb.co/DztXpXr/obrazek.png;;https://i.ibb.co/bRxVk6m/obrazek.png;;0;;1594916098
üíú | 5 inv = nitro;;729665029078777866;;roraito#0001;;719613364573044749;;https://discord.gg/ybTxCrM;;5;;Nitro;;https://i.ibb.co/nC14nDB/obrazek.png;;https://i.ibb.co/nCsJfdX/obrazek.png;;0;;1595410024
Free accounts 0,2k;;729667468838305862;;BlitZüåô#1111;;488334773110964234;;https://discord.gg/vbP58Xc;;3;;Geometry run, Pulsar, Alphastar, Nitro;;https://i.ibb.co/brHW1X5/obrazek.png;;https://i.ibb.co/WkHDrKk/obrazek.png;;0;;1594915895
ùïØùñÜùñóùñëùñéùñìùñå Rewards üéÅ;;730004242386911254;;Jtegraille#0001;;702889575097565215;;https://discord.gg/FKBY3qe;;2;;nitro, boosts, discord games and accounts (hulu, nord, spotify, minecraft, steam, origin and uplay);;https://i.ibb.co/yyG2T1X/obrazek.png;;https://i.ibb.co/NLwbSx0/obrazek.png;;0;;1594991082
Take Your Nitro‚Ñ¢;;730108551095386275;;[MANAGER] Take Your Nitro‚Ñ¢#0001;;673872434683707402;;https://discord.gg/9St7GtK;;15;;Nitro classic;;https://i.ibb.co/WnmFLRc/obrazek.png;;https://i.ibb.co/TvtbMGb/obrazek.png;;0;;1594994522
Daily Coin Giveaway;;730269697819279441;;Giveday004#5876;;528422672275734568;;https://discord.gg/52XpD7A;;1;;Members+ coins;;https://i.ibb.co/g4gMTCD/obrazek.png;;https://i.ibb.co/BsY45Vk/obrazek.png;;0;;1594894238
‚ú®Nitro Factory‚ú®;;730394731632394261;;Papelito#6969;;734031482380877845;;https://discord.gg/yHq6uc4;;5;;Nitro, Fortnite, Robux;;https://i.ibb.co/WHmf1Zc/obrazek.png;;https://i.ibb.co/PD6N5QN/obrazek.png;;0;;1595084673
NITRO REWARDS;;730437278840914078;;bricktimes#5551;;659079014123569172;;https://discord.gg/XfDWh68;;10;;Robux, Nitro;;https://i.ibb.co/Wcd0533/obrazek.png;;https://i.ibb.co/qFSP09y/obrazek.png;;0;;1595408137
Cookie | MC;;730712897998684211;;LeviŸ¥#0001;;660096005793906700;;https://discord.gg/6qvbkNQ;;1;;Pulsar;;https://i.ibb.co/4tB1QCN/obrazek.png;;https://i.ibb.co/mHrgbDV/obrazek.png;;1;;1595410321
7 Invites = Nitro;;731049092226220073;;! Rideüåô#6270;;720656591573221486;;https://discord.gg/U89mEPh;;15;;Nitro;;https://i.ibb.co/9T3Nxrs/obrazek.png;;https://i.ibb.co/4dzNCZk/obrazek.png;;0;;1595084585
üîò 5 Invites = Generateur üîò;;731165544346288189;;ùòºùôØùô©ùô®ùôÆ. ùïÇ üî±#5427;;614825448957804544;;https://discord.gg/5tw6gxN;;5;;V-Bucks;;https://i.ibb.co/C6CBTHX/obrazek.png;;https://i.ibb.co/fS8JwPL/obrazek.png;;0;;1595407792
15 INVITES = 10$ PAYPAL;;731184929169342514;;666soup#2137;;337546360612061186;;https://discord.gg/t8bVwTD;;15;;PayPal, PaySafeCard, Accounts;;https://i.ibb.co/93DLcV7/obrazek.png;;https://i.ibb.co/2vqjdWC/obrazek.png;;0;;1594895785
Free Exclusive Bhangra Boogie Emote (OnePlus);;731273858337996850;;Vexy#9999;;377147673813450753;;https://discord.gg/rXquHuT;;5;;Bhangra Codes;;https://i.ibb.co/Kr7xkp7/obrazek.png;;https://i.ibb.co/5nYffXw/obrazek.png;;0;;1594667382
3 Invites = 3,500 Robux;;731419148873367572;;A e s t h e t i c#4780;;712675569204199456;;https://discord.gg/cAm2fHg;;3;;Robux;;https://i.ibb.co/yP5wjTv/obrazek.png;;https://i.ibb.co/8NxcPJg/obrazek.png;;0;;1594994533
3 Invites = Nitro ü•∂;;731447924281704538;;! Stormy.#9999;;711635367320617052;;https://discord.gg/6kSfv69;;3;;Robux, Nitro;;https://i.ibb.co/9qkMVby/obrazek.png;;https://i.ibb.co/XS64nsm/obrazek.png;;0;;1595001332
NITRO FOR FREE;;731511706316046429;;Mad Max Payne#5697;;663099061171126284;;https://discord.gg/sXhGrTU;;2;;Nitro, Vbucks, Robux;;https://i.ibb.co/809H3LV/obrazek.png;;https://i.ibb.co/MkbCDwP/obrazek.png;;0;;1594915821
üí∞ Invite 4 Nitro üí∞;;731654970381828099;;Y-A$ap.#1111;;668436796471771136;;https://discord.gg/RqT7fhk;;10;;Nitro;;https://i.ibb.co/7Qw07LK/obrazek.png;;https://i.ibb.co/8dFspRM/obrazek.png;;0;;1594994222
NitroCord;;731971858743951451;;MrPie#0001;;677583873739325490;;https://discord.gg/nJMZXky;;-1;;Nitro;;https://i.ibb.co/RPcyySN/obrazek.png;;Events only;;1;;1595070651
üöÄ Free Boost | Boost Hub;;732022476082642975;;"Roxi.#2002;;423913363962331146;;https://discord.gg/zexbT4A;;0;;Only giveaways;;https://i.ibb.co/ckd83XF/obrazek.png;;Only giveaways;;0;;1594719621
Nitro Hub‚Ñ¢üíØ;;732100281147457618;;! Qwerty#2020;;729006707665010759;;https://discord.gg/HFTrCYZ;;7;;Steam Keys, Nitro;;https://i.ibb.co/8x1vn5g/obrazek.png;;https://i.ibb.co/tHkpNB1/obrazek.png;;1;;1595058235
3 Invites = 1 Nitro üí∏;;732267257140477962;;"Roxi.#2002;;423913363962331146;;https://discord.gg/mg7CbXZ;;3;;Nitro;;https://i.ibb.co/HHPyYyq/obrazek.png;;https://i.ibb.co/YXDL2Vs/obrazek.png;;0;;1594663413
Robux Rewards;;732273994471964773;;‚Ñôùîæ‚ÑÇ„ÄÖùîæ‚ÑçùïÜùïäùïã#3281;;684743300493869057;;https://discord.gg/dGrgVJz;;3;;Robux;;https://i.ibb.co/rynPpRX/obrazek.png;;https://i.ibb.co/RNT2VfJ/obrazek.png;;1;;1594893975
FREE NITRO üéÅ;;732513417365028904;;ahmdd#0216;;333507496524382210;;https://discord.gg/Ja7vJFN;;2;;Nitro;;https://i.ibb.co/TkdNgMw/obrazek.png;;https://i.ibb.co/26yvFFx/obrazek.png;;0;;1594741509
EarthMC;;732522731894997095;;.CubePortal.#9999;;521301275581874216;;https://discord.gg/hWK92DW;;2;;Alphastar, Pulsar, Members+ Coins;;https://i.ibb.co/LQ79S6Q/obrazek.png;;https://i.ibb.co/nmdFJr0/obrazek.png;;1;;1595063573
3 invites = Nitro/Robux;;732677567089475644;;Rachel ^^#1179;;327420380723806208;;https://discord.gg/UJJcJAA;;3;;Nitro, Robux;;https://i.ibb.co/RCDCRcj/obrazek.png;;https://i.ibb.co/fCWz0jj/obrazek.png;;0;;1595407877
Discord Event;;732974513913856140;;Waffle#1267;;732972444117368902;;https://discord.gg/FZwpcdG;;5;;Nitro, Money;;https://i.ibb.co/zNCLmyg/obrazek.png;;https://i.ibb.co/8bZGVb2/obrazek.png;;0;;1595064883
ùïØùñÜùñóùñëùñéùñìùñå ùï∫ùñôùñÜùñêùñö || „ÉÄ„Éº„É™„É≥„Ç™„Çø„ÇØ / rewards;;733022189413990493;;ByLuciile üíú#0999;;702080396661227561;;https://discord.gg/djj8BV9;;2;;nitro, boosts, discord games and accounts (hulu, nord, spotify, minecraft, steam, origin and uplay);;https://i.ibb.co/mcC58zp/obrazek.png;;https://i.ibb.co/hgkgwSh/obrazek.png;;0;;1594990954
REWARD CENTRAL;;733076710727221368;;Selloutstreamerbtww#1445;;733075734826057823;;https://discord.gg/Dw6jvkK;;3;;Nitro;;https://i.ibb.co/f0BC3yR/obrazek.png;;https://i.ibb.co/0Fmmjcy/obrazek.png;;0;;1595950572
2 invites = 3,500 Robux;;733367125585952879;;Lara üíó#5688;;725102094289469480;;https://discord.gg/vNANEms;;2;;Robux;;https://i.ibb.co/Xtr8hCp/obrazek.png;;https://i.ibb.co/CvHcJXf/obrazek.png;;0;;1594994737
Discord Game Heaven;;733556500584333322;;BEST BOI#2003;;721723157521629248;;https://discord.gg/ywvqVMC;;1;;Discord Games;;https://i.ibb.co/Ctyvkkm/image.png;;https://i.ibb.co/hmb0gK3/image.png;;1;;1596023908
üõí Technix Rewards;;734366967829626901;;LucasX#7818;;719993075870466190;;https://discord.gg/VSnRuHU;;2;;Nitro, Money, Accounts;;https://i.ibb.co/WFjfP7N/obrazek.png;;https://i.ibb.co/GWCWhRP/obrazek.png;;0;;1595950949
Summer Event‚Ñ¢;;734557780924694660;;AX10#6969;;660689727325732864;;https://discord.gg/KYT7gg;;3;;Summer Nitro lmao;;https://i.ibb.co/j3VZ2tK/obrazek.png;;https://i.ibb.co/D83yvdw/obrazek.png;;0;;1595354642
üéÅ Free Nitro;;734805222479888476;;ùïÇùïíùï§ùïíùïôùïö#2727;;729731533518143608;;https://discord.gg/M6HAvrq;;3;;Nitro, Nitro Games;;Screenshots were not taken in DSMv2;;Screenshots were not taken in DSMv2;;0;;1597576942
üöÄ3Invites = NitroüöÄ;;735907192217141329;;Gioüåô#1998;;725421497988022302;;https://discord.gg/eTywaR6;;3;;Nitro;;Screenshots were not taken in DSMv2;;Screenshots were not taken in DSMv2;;0;;1597689991
Palace;;736166173749674004;;Amy.#0069;;531076819173244941;;https://discord.gg/TkD5x93;;5;;Steam keys;;Screenshots were not taken in DSMv2;;Screenshots were not taken in DSMv2;;1;;1597846311
2 INVITES = NITRO;;736435203492413541;;Jackiee!!#3177;;725964916070285314;;https://discord.gg/sE2aNeM;;2;;Nitro;;https://i.ibb.co/0QyZQQc/obrazek.png;;https://i.ibb.co/SRz26dQ/obrazek.png;;0;;1595950156
Oxygen;;736722368751337504;;card#6666;;689185410341273603;;https://discord.gg/b4EjPsr;;20;;Nitro;;Screenshots were not taken in DSMv2;;Screenshots were not taken in DSMv2;;0;;1597695966
Gift Nitro | 0.2k;;736958468514250812;;" Lana.#8668;;700083724427198537;;https://discord.gg/9kbrnYp;;15;;Nitro;;Screenshots were not taken in DSMv2;;Screenshots were not taken in DSMv2;;0;;1598107635
Free Rewards‚Ñ¢;;737513287536738354;;Feech√≠#6666;;737565594559184946;;https://discord.gg/gxabkJt;;5;;Paypal, Nitro, Robux;;https://i.ibb.co/6W96dpy/obrazek.png;;https://i.ibb.co/5k4k9Lq/obrazek.png;;0;;1595950194
nitro giveawayüå¥;;737748538531774595;;justin17#0007;;693517800760803398;;https://discord.gg/3r7YMBT;;20;;Nitro;;Screenshots were not taken in DSMv2;;Screenshots were not taken in DSMv2;;0;;1599419102
Giveaways;;737774374333186213;;FIamingo#2020;;739180901799559168;;https://discord.gg/Hp9U9nY;;4;;Nitro, Robux;;Screenshots were not taken in DSMv2;;Screenshots were not taken in DSMv2;;0;;1597406395
NItro Land;;738887434451943456;;! Vexxxx#0595;;703763534202273812;;https://discord.gg/PJJCbph;;50;;Nitro;;Screenshots were not taken in DSMv2;;Screenshots were not taken in DSMv2;;0;;1599219129
Discord Nitro Giveaways;;738894315585273876;;jamie#0003;;724002380756156487;;https://discord.gg/aNmm64S;;5;;Nitro;;Screenshots were not taken in DSMv2;;Screenshots were not taken in DSMv2;;0;;1597649488
üí∏ Invite Rewards üí∏;;739486190654193674;;juicyboi0193#4943;;286532533771042816;;https://discord.gg/pybSZ7F;;3;;PayPal, Nitro, Robux, Members+ coins;;Screenshots were not taken in DSMv2;;Screenshots were not taken in DSMv2;;0;;1597521452
5 Invites = V-Bucksüí´;;740325331638157422;;AX10#0001;;577988659354271754;;https://discord.gg/uh6vkmh;;3;;Fortnite Vbucks & skins and Nitro;;Screenshots were not taken in DSMv2;;Screenshots were not taken in DSMv2;;0;;1598359614
Free Nitro Gifts ¬©;;740699288660607068;;kush#0667;;694195832190140466;;https://discord.gg/vyTHGa;;15;;Nitro;;Screenshots were not taken in DSMv2;;Screenshots were not taken in DSMv2;;0;;1597416623
3 Inv = 1k Robux or 1x Nitro;;740848414539120640;;awyru#0001;;536611983404040192;;https://discord.gg/Q6nwqZu;;3;;Robux, Nitro;;Screenshots were not taken in DSMv2;;Screenshots were not taken in DSMv2;;0;;1597569617
3 Invite = Nitro üöÄ;;741316066453618739;;! ‚ùã"R√©wal. A5#0005;;718795462655868961;;https://discord.gg/QD4BpQu;;3;;Nitro;;Screenshots were not taken in DSMv2;;Screenshots were not taken in DSMv2;;0;;1597406799
Paypal Payouts;;741342767015395418;;Zeke#0865;;455929980665462785;;https://discord.com/invite/BDvK73C;;5;;PayPal, Giftcards;;Screenshots were not taken in DSMv2;;Screenshots were not taken in DSMv2;;0;;1597568087
Few Invites Rewards;;741737247140741181;;SkilledPro#2431;;739568056728289324;;https://discord.gg/g3FBuVy;;3;;In game items, Nitro;;Screenshots were not taken in DSMv2;;Screenshots were not taken in DSMv2;;0;;1597748557
5 Invites = V-BucksüéÄ;;741741146719387718;;AX10#0001;;577988659354271754;;https://discord.gg/9wQdN3m;;3;;Fortnite Vbucks & skins and Nitro;;Screenshots were not taken in DSMv2;;Screenshots were not taken in DSMv2;;0;;1598359612
5 Invites = Fortnite Rewards;;742152279871848569;;mmurshed1 ‚Ñ¢#6349;;732307770866663465;;https://discord.gg/hCHvtf9;;3;;V-Bucks, Fortnite Bundles, Nitro;;Screenshots were not taken in DSMv2;;Screenshots were not taken in DSMv2;;0;;1597649137
3 invites = NITRO;;742374585533464598;;Crypto#2037;;706865827848126544;;https://discord.gg/Awypv2H;;3;;Nitro, Robux, V-bucks;;Screenshots were not taken in DSMv2;;Screenshots were not taken in DSMv2;;0;;1597521874
5 Invites = 200 Robux;;742375417842892841;;Akio#7026;;713028936778514547;;https://discord.gg/Fg56mq6;;4;;Nitro, Robux;;Screenshots were not taken in DSMv2;;Screenshots were not taken in DSMv2;;0;;1597568257
Robux & Nitro Rewards;;742409592063000696;;Keldan#0001;;734693100806602772;;https://discord.gg/PAxmBVK;;5;;Robux, Giftcards;;Screenshots were not taken in DSMv2;;Screenshots were not taken in DSMv2;;0;;1597405945
5 INVITES = 3$ PAYPAL;;742750517767438377;;Akio#7026;;713028936778514547;;https://discord.gg/UaBfVP;;5;;Paypal;;Screenshots were not taken in DSMv2;;Screenshots were not taken in DSMv2;;0;;1597772630
5 Invites = V-Bucksüí´;;742957046432792639;;AX10#0001;;577988659354271754;;https://discord.gg/bzXj5R9;;3;;Fortnite Vbucks & skins and Nitro;;Screenshots were not taken in DSMv2;;Screenshots were not taken in DSMv2;;0;;1598359610
2 Invites = 1 Nitro üéÅ;;743032256020480150;;Kawaiiüåô#1410;;712717945368870933;;https://discord.gg/kUX7szE;;2;;Nitro;;Screenshots were not taken in DSMv2;;Screenshots were not taken in DSMv2;;0;;1597561135
BOOSTS REWARDS;;743199300900749404;;Lost?#0030;;681238789892735086;;https://discord.gg/MttXyS6;;2;;Boosts, Nitro;;Screenshots were not taken in DSMv2;;Screenshots were not taken in DSMv2;;0;;1597518733
5 Invites = Nitro;;743422260622131281;;Kasahi‚Ñ¢#6666;;731497436664823930;;https://discord.gg/2dMvB88;;5;;Nitro, Nitro Games;;Screenshots were not taken in DSMv2;;Screenshots were not taken in DSMv2;;0;;1597576340
Free Nitro  üåô;;743536083941326978;;! ‚Ä†oxy#0999;;705733381996019803;;https://discord.gg/nm2ERGf;;5;;Nitro and Nitro methods/generators;;Screenshots were not taken in DSMv2;;Screenshots were not taken in DSMv2;;0;;1597414880
‚≠ê | Escape Nitro;;743879031149297766;;! "  ùë≥ùíñùíÉùíäùíïùíê. üåô ‚ú™#0001;;636268400934518794;;https://discord.gg/UqkTmuF;;15;;Nitro;;Screenshots were not taken in DSMv2;;Screenshots were not taken in DSMv2;;0;;1597649490
10 Invites = 1 Nitro üöÄ;;743929274800668875;;skies#5496;;708246599612104806;;https://discord.gg/hdnHdju;;10;;Nitro;;Screenshots were not taken in DSMv2;;Screenshots were not taken in DSMv2;;0;;1601572135
5 ùôÑùô£ùô´ùôûùô©ùôöùô® = ùôâùôûùô©ùôßùô§;;743979513058164807;;val on top#0001;;720808573118185564;;https://discord.gg/s5UrkgT;;10;;Nitro;;Screenshots were not taken in DSMv2;;Screenshots were not taken in DSMv2;;0;;1597573963
Nitro Official üåô;;744230501468078111;;! Lezzy#0001;;732192222673502219;;https://discord.gg/A3ggaus;;15;;Nitro;;Screenshots were not taken in DSMv2;;Screenshots were not taken in DSMv2;;0;;1597737990
5 Invites = NitroüéÅ;;744354379057856512;;!   Asta#0001;;711704209183211544;;https://discord.gg/AtVYhfX;;5;;Nitro, Nitro Games;;Screenshots were not taken in DSMv2;;Screenshots were not taken in DSMv2;;0;;1597576291
4 Invites = Nitro üéÅ;;744431048305147994;;Zealott#0001;;743171868181135362;;https://discord.gg/j6sNtKX;;4;;Nitro;;Screenshots were not taken in DSMv2;;Screenshots were not taken in DSMv2;;0;;1600523234
2 Invites = 1 Nitro üéÅ;;745203765946089553;;Kawaiiüåô#1410;;712717945368870933;;https://discord.gg/shhXSQF;;2;;Nitro;;Screenshots were not taken in DSMv2;;Screenshots were not taken in DSMv2;;0;;1598369778
RBLX Rewards‚Ñ¢;;745334786247360543;;Discord Robux#6970;;704416721133371422;;https://discord.gg/XRmN8FQ;;5;;Robux;;Screenshots were not taken in DSMv2;;Screenshots were not taken in DSMv2;;0;;1597775720
3 Invites = Free Nitro;;746349790807195648;;mmurshed1#3880;;746092039065567233;;https://discord.gg/JJnEEhn;;5;;Nitro;;Screenshots were not taken in DSMv2;;Screenshots were not taken in DSMv2;;0;;1598170400
Robloxian Traders;;747865462712303877;;Eclipse!#0001;;632226953797304330;;https://discord.gg/9wSagnH;;10;;Robux;;Screenshots were not taken in DSMv2;;Screenshots were not taken in DSMv2;;1;;1599419595
Free Nitro & Robux;;748243422300864553;;Nitro Wumpus#7320;;741147857330896966;;https://discord.gg/KUFmS6y;;3;;Nitro, Robux, Gift Cards;;Screenshots were not taken in DSMv2;;Screenshots were not taken in DSMv2;;0;;1598600183
Invite for Boosts;;748958209049624713;;Boost God.#0001;;659125107460931606;;https://discord.gg/map3nsX;;8;;Nitro;;Screenshots were not taken in DSMv2;;Screenshots were not taken in DSMv2;;0;;1598644397
Discord Nitro;;749291938481569923;;Managers#0816;;749291194701447259;;https://discord.gg/GNmx58R;;5;;Nitro;;Screenshots were not taken in DSMv2;;Screenshots were not taken in DSMv2;;0;;1599219130
Shine | MC;;749990097553719437;;xDowny#0001;;718389701043814410;;https://discord.gg/HfsfcrY;;3;;Nitro;;Screenshots were not taken in DSMv2;;Screenshots were not taken in DSMv2;;0;;1601138931
Mars;;751348926858133535;;‡πñÃ∂Ã∂Ã∂Œ∂ÕúÕ°Ã∂It‡∏£ùêÑ…°ùòº…≥ùòº‚úò‡øê#1234;;513267660222496779;;https://discord.gg/29UqkFp;;5;;Nitro;;Screenshots were not taken in DSMv2;;Screenshots were not taken in DSMv2;;0;;1602181251
3 Invites ‚Ä¢ Nitro;;751420902515671163;;silly guy#6969;;584140812686721035;;https://discord.gg/RFC2Czu;;3;;Nitro;;Screenshots were not taken in DSMv2;;Screenshots were not taken in DSMv2;;0;;1599233746
üéâRobux Nitro server üéâ;;752948908153503896;;√ê√Æ¬†√±«ø Osix#1591;;681061744239837185;;https://discord.gg/eCNYfFn;;5;;Robux;;Screenshots were not taken in DSMv2;;Screenshots were not taken in DSMv2;;0;;1600523001
üí∞5 Invites = 1,000 ROBUX!üí∞;;754271192835162216;;Gun#6640;;702794342250709064;;https://discord.gg/ezaWtEz;;5;;Robux;;Screenshots were not taken in DSMv2;;Screenshots were not taken in DSMv2;;0;;1600978089
Nitro Gang;;754666638606860299;;Supreme#9719;;739851537022451853;;https://discord.gg/KbharC;;30;;Nitro;;Screenshots were not taken in DSMv2;;Screenshots were not taken in DSMv2;;0;;1600524255
üéâNitro Store üéâ;;754668567873454151;;Saydubz#6969;;689044284137144405;;https://discord.gg/uSGZdhT;;-1;;Nitro;;Screenshots were not taken in DSMv2;;Screenshots were not taken in DSMv2;;0;;1600525700
REBEX;;754744888419024977;;Rainbow#1234;;744243996267905076;;https://discord.gg/YdcrP6e;;10;;Robux;;Screenshots were not taken in DSMv2;;Screenshots were not taken in DSMv2;;0;;1600978795
üöÄ 5 Invites = Discord Nitro;;758034574033944737;;azazel#4234;;760228858946387989;;https://discord.gg/j78x2kw;;3;;Nitro, Fortnite, LOL, Gift cards, Robux;;Screenshots were not taken in DSMv2;;Screenshots were not taken in DSMv2;;0;;1603887772
üí´„ÉªSpace Central;;758438514496503889;;" Yanis.Exe#9999;;758433598893195326;;https://discord.gg/hy8ab8F;;-1;;Nitro;;Screenshots were not taken in DSMv2;;Screenshots were not taken in DSMv2;;0;;1601572778
üéÅ„ÉªInvite And Earn;;758456491069014016;;Adalet#8602;;717841856892764203;;https://discord.gg/SXHaVY;;2;;Robux, Nitro;;Screenshots were not taken in DSMv2;;Screenshots were not taken in DSMv2;;0;;1601573279
4 Invite = Nitro üöÄ;;760482755896279110;;Kap.#1234;;747470434152218665;;https://discord.gg/TDXwfxp;;5;;Nitro;;Screenshots were not taken in DSMv2;;Screenshots were not taken in DSMv2;;0;;1602181433
Robux Rewards;;761010859552014346;;Stressful#2421;;744243996267905076;;https://discord.gg/b4vuau;;5;;Robux;;Screenshots were not taken in DSMv2;;Screenshots were not taken in DSMv2;;0;;1601652635
üíé3 Invites = Boost Nitroüíé;;761718047769624616;;z04b#2048;;562757908853424128;;https://discord.gg/avwSEZp;;5;;Nitro;;Screenshots were not taken in DSMv2;;Screenshots were not taken in DSMv2;;0;;1602179465
Eternal Giveaways;;762006867240812594;;Berlinios#7486;;755900710897582102;;https://discord.gg/ArdgcY;;10;;Nitro;;Screenshots were not taken in DSMv2;;Screenshots were not taken in DSMv2;;0;;1602180121
3 Invites = 1 Nitro üöÄ;;762941578385162241;;qweqweasdas23#3483;;763714405271601152;;https://discord.gg/Cv7Vngt;;3;;Nitro;;Screenshots were not taken in DSMv2;;Screenshots were not taken in DSMv2;;0;;1602436031
üç≠‚îÉNitro Palace;;763334188446908446;;! "ShadowEnLambooo#2000;;721367016908390541;;https://discord.gg/TawPgt;;6;;Nitro;;Screenshots were not taken in DSMv2;;Screenshots were not taken in DSMv2;;0;;1602181097
Marbella üåü;;763784623766372362;;"Yanis.Exe#9999;;763471137996406785;;https://discord.gg/X2ckxhZ;;10;;Nitro;;Screenshots were not taken in DSMv2;;Screenshots were not taken in DSMv2;;0;;1602180749
Nitro Rewards | #vouches | #1.8k;;764284752340844564;;!             Bre#2793;;715674465303789658;;https://discord.gg/Ecrj5JQ;;5;;Nitro;;Screenshots were not taken in DSMv2;;Screenshots were not taken in DSMv2;;0;;1602527259
Popular Giveaways;;790555739554447370;;" PŒ±r‚Ä†y#3112;;340972715978784770;;https://discord.gg/sTyYRAApG6;;1;;Nitro, Robux, PayPal;;Screenshots were not taken in DSMv2;;Screenshots were not taken in DSMv2;;0;;1610123603
